tipo_identificacion,numero_identificacion,nombres,fecha_nacimiento,direccion_cliente,telefono_cliente,correo_cliente,ciudad,id_cliente
CE,443107455,Cliente1 Méndez,1959-04-21 00:00:00,"Carrera 67 #3-40",3869197084,cliente1.994@mail.com,Bucaramanga,1
CE,953479893,Cliente2 Ramírez,1995-03-25 00:00:00,"Carrera 4 #73-43",3823151477,"",Barranquilla,2
CC,555761619,Cliente3 Pérez,1951-10-01 00:00:00,"Carrera 12 #15-28",3990535441,cliente3.896@outlook.com,Bucaramanga,3
PAS,303469706,Cliente4 Pérez,2002-06-02 00:00:00,"Calle 109 #88-2",3426177665,"",Pereira,4
PAS,621226835,Cliente5 Ramírez,1953-11-14 00:00:00,"Avenida 101 #86-27",3355073505,cliente5.228@yahoo.com,Bucaramanga,5
PAS,473373557,Cliente7 Ramírez,1958-02-21 00:00:00,"Calle 61 #60-36",3911650704,cliente7.766@yahoo.com,Bucaramanga,6
PAS,415363569,Cliente8 Torres,1962-10-03 00:00:00,"Avenida 13 #59-21",3838157652,"",Pereira,7
TI,336029124,Cliente9 Ramírez,1982-12-11 00:00:00,"Calle 132 #36-17",3820055581,cliente9.482@yahoo.com,Pereira,8
PAS,134227912,Cliente10 Gómez,1969-01-11 00:00:00,"Carrera 101 #85-19",3896797344,cliente10.690@outlook.com,Cartagena,9
CE,758062612,Cliente11 Gómez,1995-06-02 00:00:00,"Diagonal 133 #55-1",3188468031,cliente11.480@yahoo.com,Pereira,10
PAS,192391416,Cliente12 Pérez,1977-03-15 00:00:00,"Diagonal 3 #93-3",3541572904,"",Medellín,11
CE,243864102,Cliente13 Méndez,1960-09-10 00:00:00,"Avenida 149 #74-9",3739573872,cliente13.934@mail.com,Bucaramanga,12
PAS,872764392,Cliente14 Pérez,1964-01-14 00:00:00,"Calle 150 #23-24",3423721616,"",Cartagena,13
CC,783613986,Cliente15 Ramírez,1980-09-22 00:00:00,"Diagonal 74 #95-50",3917359756,"",Cali,14
TI,420318733,Cliente16 Ramírez,1997-04-19 00:00:00,"Carrera 41 #74-27",3583000420,"",Cali,15
CC,728984146,Cliente17 Méndez,1955-02-28 00:00:00,"Avenida 126 #92-20",3106617526,"",Barranquilla,16
CC,267365189,Cliente18 Gómez,1982-11-04 00:00:00,"Calle 33 #12-12",3774139470,cliente18.405@outlook.com,Bucaramanga,17
TI,595249826,Cliente19 Ramírez,2001-03-26 00:00:00,"Avenida 8 #13-35",3117954130,"",Pereira,18
CE,168009340,Cliente20 Gómez,1952-09-08 00:00:00,"Carrera 99 #72-32",3184175212,"",Bucaramanga,19
CC,945639708,Cliente21 Pérez,1986-08-25 00:00:00,"Diagonal 110 #65-46",3701012453,cliente21.172@mail.com,Cartagena,20
TI,313429311,Cliente22 Pérez,1978-01-15 00:00:00,"Diagonal 57 #94-11",3911565011,"",Barranquilla,21
CC,299952016,Cliente23 Gómez,1980-10-15 00:00:00,"Carrera 71 #29-21",3682350560,"",Cali,22
PAS,238439933,Cliente24 Torres,1991-04-22 00:00:00,"Carrera 102 #3-19",3397828202,cliente24.703@mail.com,Medellín,23
CC,996312048,Cliente25 Gómez,1955-07-02 00:00:00,"Carrera 16 #62-20",3956944343,cliente25.964@outlook.com,Cali,24
TI,351895568,Cliente26 Torres,1968-11-24 00:00:00,"Diagonal 82 #15-30",3870300865,"",Medellín,25
CC,556330548,Cliente27 Ramírez,2001-08-17 00:00:00,"Avenida 55 #92-45",3151924581,"",Bogotá,26
CC,391882859,Cliente28 Pérez,1972-06-10 00:00:00,"Calle 70 #3-5",3448825518,"",Medellín,27
CC,982089349,Cliente29 Ramírez,1956-09-21 00:00:00,"Calle 129 #36-43",3928784024,"",Medellín,28
TI,282791617,Cliente30 Pérez,1966-07-05 00:00:00,"Carrera 146 #9-46",3530729935,cliente30.83@mail.com,Cartagena,29
PAS,729971146,Cliente31 Méndez,1982-04-25 00:00:00,"Calle 44 #49-49",3138955247,cliente31.315@outlook.com,Pereira,30
PAS,285699477,Cliente32 Méndez,1991-03-26 00:00:00,"Avenida 30 #3-1",3146094728,"",Medellín,31
PAS,811137216,Cliente33 Pérez,1953-01-14 00:00:00,"Diagonal 88 #11-33",3529424939,"",Pereira,32
TI,470262238,Cliente34 Pérez,1988-02-12 00:00:00,"Carrera 115 #78-18",3933015855,"",Medellín,33
TI,357312372,Cliente35 Ramírez,1981-03-13 00:00:00,"Diagonal 111 #3-13",3575145146,"",Medellín,34
CE,596965335,Cliente36 Pérez,1983-03-25 00:00:00,"Diagonal 133 #48-14",3454097721,cliente36.574@gmail.com,Medellín,35
CC,866675885,Cliente37 Torres,1955-10-02 00:00:00,"Diagonal 42 #32-39",3938345005,cliente37.986@mail.com,Barranquilla,36
CC,568384585,Cliente39 Méndez,1969-05-04 00:00:00,"Avenida 2 #82-4",3606241866,"",Medellín,37
CE,515951024,Cliente40 Torres,1966-04-17 00:00:00,"Calle 118 #71-47",3829837079,cliente40.488@outlook.com,Cali,38
CC,692202275,Cliente41 Pérez,1993-12-19 00:00:00,"Diagonal 81 #15-11",3127425345,cliente41.521@gmail.com,Bogotá,39
TI,466701153,Cliente42 Ramírez,1962-01-20 00:00:00,"Avenida 97 #9-7",3759358692,"",Cali,40
CC,274590813,Cliente44 Gómez,1963-01-05 00:00:00,"Calle 87 #23-1",3693471658,"",Barranquilla,41
CC,609761835,Cliente45 Ramírez,1967-09-08 00:00:00,"Diagonal 136 #75-27",3198303977,"",Pereira,42
PAS,764134575,Cliente46 Torres,2001-09-07 00:00:00,"Avenida 64 #35-9",3466502664,"",Pereira,43
CC,795829536,Cliente47 Méndez,2005-11-23 00:00:00,"Avenida 56 #66-6",3422379983,cliente47.486@yahoo.com,Bogotá,44
CE,882777404,Cliente48 Gómez,2002-09-25 00:00:00,"Calle 21 #54-30",3105832406,"",Pereira,45
CE,157611706,Cliente49 Méndez,1976-02-20 00:00:00,"Diagonal 121 #80-15",3530534789,"",Cali,46
CC,847555768,Cliente50 Ramírez,1988-12-10 00:00:00,"Calle 80 #83-5",3257427923,"",Barranquilla,47
CC,709471589,Cliente51 Méndez,1970-02-10 00:00:00,"Carrera 27 #51-36",3270864832,cliente51.393@yahoo.com,Barranquilla,48
PAS,138520177,Cliente52 Ramírez,1979-06-05 00:00:00,"Diagonal 29 #7-50",3757907470,cliente52.719@mail.com,Cali,49
PAS,819911116,Cliente54 Torres,1971-08-27 00:00:00,"Diagonal 123 #95-34",3326472173,cliente54.845@outlook.com,Bucaramanga,50
CC,310505616,Cliente55 Pérez,1997-06-04 00:00:00,"Calle 14 #51-28",3927280377,cliente55.171@mail.com,Cartagena,51
CE,243832432,Cliente57 Pérez,1988-08-01 00:00:00,"Calle 5 #41-39",3705171145,cliente57.906@gmail.com,Barranquilla,52
CE,290085534,Cliente58 Torres,1985-11-20 00:00:00,"Avenida 23 #27-37",3566322061,"",Cartagena,53
TI,914549029,Cliente60 Gómez,1993-10-21 00:00:00,"Avenida 92 #10-48",3132944100,cliente60.405@gmail.com,Cartagena,54
CE,571439226,Cliente61 Méndez,1958-02-27 00:00:00,"Avenida 29 #94-20",3161900609,"",Cali,55
PAS,354451342,Cliente62 Ramírez,1965-01-12 00:00:00,"Avenida 105 #82-25",3436938825,cliente62.257@mail.com,Bucaramanga,56
CE,500883545,Cliente63 Gómez,1973-10-25 00:00:00,"Calle 11 #30-11",3868661158,cliente63.105@outlook.com,Bucaramanga,57
CE,742894119,Cliente64 Torres,1970-11-16 00:00:00,"Diagonal 78 #47-42",3343823028,"",Cartagena,58
PAS,705628094,Cliente65 Gómez,1981-05-25 00:00:00,"Carrera 56 #32-48",3289573132,cliente65.875@outlook.com,Bogotá,59
CC,422114114,Cliente68 Torres,1982-08-03 00:00:00,"Avenida 100 #100-31",3952238662,cliente68.881@outlook.com,Bucaramanga,60
TI,645903391,Cliente69 Gómez,1991-01-01 00:00:00,"Diagonal 73 #79-32",3644192889,"",Medellín,61
PAS,139336707,Cliente70 Gómez,1990-07-24 00:00:00,"Diagonal 72 #81-5",3133332431,"",Cartagena,62
CC,208290348,Cliente71 Pérez,1980-07-23 00:00:00,"Avenida 48 #75-14",3614899585,"",Cali,63
CE,702206107,Cliente72 Ramírez,2004-10-22 00:00:00,"Avenida 28 #2-48",3498750577,"",Medellín,64
CC,112368306,Cliente73 Pérez,1962-07-21 00:00:00,"Carrera 113 #4-35",3227001278,"",Medellín,65
PAS,121605551,Cliente74 Ramírez,1986-12-04 00:00:00,"Calle 89 #66-35",3872451783,"",Bucaramanga,66
CC,921703878,Cliente75 Ramírez,1990-01-01 00:00:00,"Calle 142 #22-27",3669315414,cliente75.677@gmail.com,Bogotá,67
TI,580881161,Cliente76 Méndez,2002-07-14 00:00:00,"Calle 81 #85-6",3937086120,cliente76.354@yahoo.com,Pereira,68
CC,289071670,Cliente77 Gómez,1971-08-20 00:00:00,"Avenida 93 #93-27",3768510244,cliente77.647@outlook.com,Pereira,69
PAS,853643187,Cliente79 Gómez,1950-09-14 00:00:00,"Avenida 72 #7-36",3417486158,cliente79.889@gmail.com,Cali,70
CE,375390499,Cliente80 Méndez,1991-01-22 00:00:00,"Carrera 37 #11-24",3284532438,cliente80.710@mail.com,Cali,71
CE,382136654,Cliente81 Méndez,1987-11-26 00:00:00,"Calle 146 #56-23",3381694351,cliente81.312@outlook.com,Cali,72
PAS,282451915,Cliente83 Gómez,1958-11-22 00:00:00,"Diagonal 139 #15-11",3770610767,"",Cali,73
CE,517579590,Cliente84 Torres,1957-09-26 00:00:00,"Avenida 139 #100-48",3291760650,cliente84.4@gmail.com,Barranquilla,74
CE,748165679,Cliente85 Torres,1955-07-06 00:00:00,"Avenida 24 #10-49",3277781412,"",Cali,75
CC,448186101,Cliente86 Méndez,1980-01-02 00:00:00,"Carrera 137 #18-14",3564425333,"",Medellín,76
PAS,433448646,Cliente87 Méndez,1968-05-18 00:00:00,"Calle 93 #99-49",3816027738,cliente87.444@outlook.com,Pereira,77
CE,646804432,Cliente88 Gómez,1994-02-04 00:00:00,"Avenida 133 #89-7",3689375656,cliente88.850@gmail.com,Barranquilla,78
CE,624665065,Cliente89 Gómez,1989-11-09 00:00:00,"Carrera 141 #51-26",3809918687,"",Pereira,79
TI,191588325,Cliente90 Pérez,1981-10-20 00:00:00,"Carrera 66 #93-17",3569638434,cliente90.902@mail.com,Pereira,80
CC,457163546,Cliente91 Gómez,1956-03-16 00:00:00,"Calle 18 #77-38",3157574836,cliente91.103@mail.com,Bucaramanga,81
CE,487453151,Cliente92 Méndez,1988-10-28 00:00:00,"Diagonal 132 #35-33",3429088483,cliente92.154@outlook.com,Medellín,82
CE,908525742,Cliente93 Méndez,1951-12-18 00:00:00,"Diagonal 106 #42-9",3899211247,cliente93.152@yahoo.com,Barranquilla,83
TI,465495019,Cliente94 Pérez,1959-12-01 00:00:00,"Carrera 44 #34-33",3923280976,"",Cartagena,84
CE,994349084,Cliente95 Méndez,1968-06-08 00:00:00,"Carrera 122 #53-16",3176123275,"",Cali,85
PAS,955233035,Cliente96 Pérez,1950-12-03 00:00:00,"Avenida 26 #99-43",3863585519,"",Cali,86
CE,453924998,Cliente97 Torres,1952-07-17 00:00:00,"Calle 74 #74-1",3445320784,"",Medellín,87
CE,629096011,Cliente99 Gómez,1965-10-28 00:00:00,"Carrera 99 #4-34",3309841423,cliente99.157@outlook.com,Pereira,88
CE,421105770,Cliente100 Pérez,1978-12-16 00:00:00,"Diagonal 10 #89-21",3540730084,cliente100.86@gmail.com,Pereira,89
PAS,317319961,Cliente101 Ramírez,1954-05-19 00:00:00,"Calle 105 #62-39",3542661940,"",Medellín,90
CE,190548094,Cliente102 Ramírez,1979-08-17 00:00:00,"Calle 44 #52-40",3817348461,cliente102.534@gmail.com,Bucaramanga,91
TI,912665213,Cliente103 Méndez,1992-07-20 00:00:00,"Diagonal 74 #31-22",3829953430,cliente103.265@gmail.com,Pereira,92
CE,779465850,Cliente104 Pérez,1951-05-18 00:00:00,"Avenida 57 #77-40",3624796940,"",Bucaramanga,93
CE,996739170,Cliente105 Gómez,2004-05-07 00:00:00,"Calle 4 #27-48",3930809863,"",Barranquilla,94
CE,710396518,Cliente106 Pérez,1995-11-02 00:00:00,"Carrera 43 #88-43",3910106075,cliente106.659@mail.com,Cali,95
PAS,101442177,Cliente107 Torres,1978-12-06 00:00:00,"Diagonal 26 #89-31",3910382125,cliente107.964@yahoo.com,Medellín,96
PAS,586153711,Cliente108 Torres,1991-01-26 00:00:00,"Carrera 83 #87-32",3176776776,"",Bucaramanga,97
CC,905925745,Cliente109 Torres,1971-12-10 00:00:00,"Calle 25 #24-3",3445051139,cliente109.420@mail.com,Cartagena,98
PAS,820347917,Cliente110 Ramírez,2001-05-11 00:00:00,"Calle 7 #40-12",3724680766,cliente110.48@outlook.com,Cali,99
TI,273233252,Cliente111 Ramírez,1955-02-16 00:00:00,"Carrera 69 #26-6",3208591958,"",Cali,100
CC,924349195,Cliente112 Pérez,1968-05-20 00:00:00,"Avenida 52 #4-7",3715302141,"",Cartagena,101
CE,718313299,Cliente113 Gómez,1992-05-12 00:00:00,"Carrera 24 #47-37",3270964441,cliente113.877@yahoo.com,Pereira,102
PAS,553937499,Cliente114 Gómez,1958-04-13 00:00:00,"Calle 8 #56-17",3614459068,cliente114.966@yahoo.com,Bogotá,103
CC,180877756,Cliente115 Gómez,1980-01-19 00:00:00,"Carrera 102 #25-17",3611829566,cliente115.661@outlook.com,Cartagena,104
CC,219863053,Cliente116 Ramírez,1984-08-17 00:00:00,"Avenida 41 #15-43",3413622253,cliente116.828@yahoo.com,Bogotá,105
PAS,907759822,Cliente117 Gómez,1952-11-08 00:00:00,"Avenida 125 #82-34",3831970004,cliente117.740@gmail.com,Cali,106
PAS,244581098,Cliente118 Pérez,1982-11-17 00:00:00,"Avenida 130 #52-15",3241008080,"",Cartagena,107
TI,239948255,Cliente119 Méndez,1984-03-19 00:00:00,"Carrera 120 #33-27",3956195462,cliente119.767@yahoo.com,Bucaramanga,108
CC,313968542,Cliente120 Méndez,1982-12-11 00:00:00,"Avenida 36 #61-40",3551865798,cliente120.364@yahoo.com,Pereira,109
TI,206393009,Cliente121 Torres,1994-03-26 00:00:00,"Calle 95 #57-43",3877480228,cliente121.263@gmail.com,Barranquilla,110
PAS,886785505,Cliente122 Ramírez,1955-02-04 00:00:00,"Carrera 20 #64-32",3743459104,cliente122.724@mail.com,Barranquilla,111
CE,515194969,Cliente123 Pérez,1992-09-27 00:00:00,"Carrera 102 #54-23",3652596048,"",Cartagena,112
PAS,680818105,Cliente124 Ramírez,1956-06-27 00:00:00,"Diagonal 149 #25-31",3898584056,cliente124.410@yahoo.com,Barranquilla,113
PAS,175356461,Cliente125 Torres,1964-11-21 00:00:00,"Calle 110 #48-12",3406213311,"",Bucaramanga,114
PAS,639697075,Cliente126 Gómez,1989-05-08 00:00:00,"Carrera 73 #53-19",3720183727,cliente126.854@outlook.com,Pereira,115
PAS,611802125,Cliente127 Ramírez,1973-06-07 00:00:00,"Calle 102 #76-47",3715740550,cliente127.323@mail.com,Bogotá,116
TI,309650527,Cliente128 Pérez,1971-11-10 00:00:00,"Calle 54 #5-10",3934218338,"",Bucaramanga,117
PAS,373444076,Cliente129 Torres,1965-10-18 00:00:00,"Diagonal 64 #38-36",3541284679,cliente129.406@outlook.com,Pereira,118
PAS,918126795,Cliente130 Ramírez,1999-02-20 00:00:00,"Diagonal 97 #74-35",3252111466,cliente130.649@yahoo.com,Pereira,119
PAS,776218061,Cliente131 Gómez,1994-10-04 00:00:00,"Avenida 53 #54-37",3561213286,"",Bucaramanga,120
CE,495965768,Cliente132 Pérez,1951-10-03 00:00:00,"Avenida 119 #33-37",3334703547,cliente132.258@outlook.com,Medellín,121
CC,584550484,Cliente133 Pérez,1979-11-15 00:00:00,"Avenida 113 #32-40",3225568828,"",Barranquilla,122
PAS,741390339,Cliente134 Torres,1992-12-20 00:00:00,"Calle 4 #86-17",3343107855,cliente134.945@gmail.com,Cali,123
PAS,220056527,Cliente135 Torres,2000-12-01 00:00:00,"Carrera 74 #39-48",3668022484,cliente135.95@mail.com,Cartagena,124
CC,264549159,Cliente136 Ramírez,1965-08-24 00:00:00,"Diagonal 10 #61-10",3344064702,"",Medellín,125
TI,749748808,Cliente137 Pérez,1984-08-25 00:00:00,"Calle 139 #95-11",3986973855,"",Bucaramanga,126
CC,467153439,Cliente138 Ramírez,2003-08-12 00:00:00,"Calle 128 #82-38",3742132834,cliente138.315@mail.com,Bogotá,127
CE,973584600,Cliente139 Ramírez,2002-04-12 00:00:00,"Avenida 132 #86-30",3796955491,"",Bogotá,128
CE,734845057,Cliente140 Pérez,1996-04-04 00:00:00,"Diagonal 144 #31-4",3196967456,"",Cartagena,129
TI,977111873,Cliente141 Pérez,1990-12-17 00:00:00,"Avenida 118 #43-29",3137240068,"",Bogotá,130
PAS,242405305,Cliente142 Torres,1953-05-01 00:00:00,"Avenida 7 #16-42",3729694824,"",Pereira,131
PAS,350141363,Cliente143 Torres,1991-12-24 00:00:00,"Avenida 114 #71-25",3850513156,cliente143.485@yahoo.com,Cali,132
PAS,224172047,Cliente144 Gómez,1983-11-08 00:00:00,"Avenida 66 #64-21",3616203811,"",Medellín,133
PAS,645855960,Cliente145 Ramírez,1953-07-04 00:00:00,"Avenida 103 #45-45",3842607308,"",Pereira,134
TI,429440856,Cliente146 Torres,1988-06-15 00:00:00,"Diagonal 39 #53-4",3983897370,"",Cali,135
PAS,222500075,Cliente147 Pérez,1976-06-21 00:00:00,"Calle 21 #2-35",3789793104,cliente147.850@mail.com,Medellín,136
CC,621216808,Cliente148 Torres,1965-06-03 00:00:00,"Diagonal 53 #31-29",3149870062,cliente148.925@yahoo.com,Pereira,137
CC,186921086,Cliente149 Méndez,1988-03-03 00:00:00,"Calle 85 #33-21",3974489980,"",Bogotá,138
CE,532307639,Cliente150 Pérez,1972-11-22 00:00:00,"Carrera 55 #49-15",3504467219,cliente150.521@outlook.com,Cali,139
CE,282266061,Cliente151 Méndez,1950-06-09 00:00:00,"Carrera 50 #1-32",3369279111,"",Cali,140
CC,733853769,Cliente152 Torres,1969-07-03 00:00:00,"Carrera 9 #46-2",3351637027,"",Pereira,141
CC,834546849,Cliente153 Torres,2003-01-07 00:00:00,"Calle 123 #66-26",3870406156,"",Medellín,142
CC,212041854,Cliente154 Ramírez,2002-05-28 00:00:00,"Calle 107 #75-13",3808306148,"",Bogotá,143
CC,922163060,Cliente155 Pérez,1964-04-02 00:00:00,"Avenida 79 #82-21",3243197665,"",Bucaramanga,144
CE,325956217,Cliente156 Méndez,1950-07-02 00:00:00,"Diagonal 111 #33-6",3744915443,"",Cartagena,145
CE,481756998,Cliente157 Torres,2000-11-19 00:00:00,"Calle 59 #97-31",3249915118,"",Cali,146
TI,140110269,Cliente158 Ramírez,1985-10-13 00:00:00,"Carrera 57 #80-13",3674743789,cliente158.935@outlook.com,Medellín,147
CC,944085228,Cliente159 Gómez,1991-03-12 00:00:00,"Avenida 126 #69-15",3661170794,"",Medellín,148
CC,583008219,Cliente160 Pérez,1962-01-09 00:00:00,"Avenida 111 #36-21",3470753562,"",Barranquilla,149
PAS,401276872,Cliente161 Torres,1990-07-27 00:00:00,"Avenida 122 #11-50",3789361619,cliente161.724@gmail.com,Bogotá,150
PAS,179814061,Cliente162 Pérez,1970-11-07 00:00:00,"Calle 43 #92-10",3439767967,"",Medellín,151
CE,965253592,Cliente163 Gómez,1958-04-05 00:00:00,"Carrera 128 #39-46",3831137309,cliente163.786@gmail.com,Bucaramanga,152
CC,448032547,Cliente164 Pérez,1952-10-01 00:00:00,"Avenida 90 #65-29",3785175895,cliente164.981@mail.com,Medellín,153
CC,924379946,Cliente165 Méndez,2001-05-20 00:00:00,"Avenida 148 #6-8",3425408527,"",Cartagena,154
CE,371900467,Cliente166 Gómez,1994-12-23 00:00:00,"Carrera 99 #64-27",3497728730,"",Cali,155
CC,204326869,Cliente167 Méndez,1955-05-09 00:00:00,"Carrera 114 #51-4",3299877370,cliente167.266@yahoo.com,Medellín,156
CE,957994904,Cliente168 Gómez,1956-08-25 00:00:00,"Carrera 119 #89-29",3596456013,cliente168.195@gmail.com,Cartagena,157
PAS,785371541,Cliente169 Méndez,1955-07-19 00:00:00,"Avenida 129 #65-9",3499575081,cliente169.72@outlook.com,Barranquilla,158
CE,117606686,Cliente170 Torres,1954-10-21 00:00:00,"Calle 13 #76-5",3217575939,cliente170.653@yahoo.com,Cali,159
CE,222383293,Cliente171 Méndez,1986-11-09 00:00:00,"Calle 43 #14-46",3880144238,"",Bogotá,160
PAS,917816724,Cliente172 Méndez,1997-02-28 00:00:00,"Calle 63 #24-27",3447917563,"",Bucaramanga,161
TI,995832207,Cliente173 Gómez,1951-12-19 00:00:00,"Calle 115 #17-15",3620622320,cliente173.157@mail.com,Bucaramanga,162
TI,657461448,Cliente174 Torres,1959-03-21 00:00:00,"Carrera 104 #31-37",3179725888,"",Medellín,163
PAS,361890011,Cliente175 Méndez,1957-09-25 00:00:00,"Avenida 139 #58-2",3308385576,"",Bogotá,164
CE,683622039,Cliente176 Ramírez,1968-06-28 00:00:00,"Carrera 43 #80-19",3506138392,cliente176.242@yahoo.com,Bucaramanga,165
CC,598362223,Cliente177 Méndez,1960-02-06 00:00:00,"Carrera 13 #89-7",3429125954,"",Pereira,166
TI,688958663,Cliente178 Pérez,1996-11-20 00:00:00,"Calle 63 #44-16",3924075753,cliente178.205@mail.com,Barranquilla,167
CC,533209821,Cliente179 Torres,1974-02-07 00:00:00,"Diagonal 119 #13-30",3410271584,cliente179.457@gmail.com,Barranquilla,168
CE,432130907,Cliente180 Pérez,1993-12-09 00:00:00,"Avenida 106 #86-33",3466744267,"",Pereira,169
TI,279003327,Cliente181 Méndez,1998-02-27 00:00:00,"Carrera 44 #68-22",3328379507,cliente181.55@yahoo.com,Cali,170
CC,119052961,Cliente182 Ramírez,1962-09-04 00:00:00,"Diagonal 68 #50-17",3729733992,"",Bogotá,171
PAS,205057025,Cliente183 Gómez,1993-01-09 00:00:00,"Carrera 65 #94-31",3752305542,cliente183.765@outlook.com,Bogotá,172
CE,728193103,Cliente184 Gómez,1998-04-25 00:00:00,"Avenida 52 #91-24",3187109583,cliente184.68@mail.com,Cali,173
CE,227620113,Cliente185 Méndez,2002-07-21 00:00:00,"Diagonal 102 #89-32",3868128744,cliente185.260@yahoo.com,Bucaramanga,174
CC,198882322,Cliente186 Torres,1987-10-13 00:00:00,"Avenida 2 #51-18",3162357711,"",Cali,175
CE,631711432,Cliente187 Ramírez,1988-10-15 00:00:00,"Diagonal 104 #31-33",3123507573,"",Medellín,176
CC,867584069,Cliente188 Méndez,1971-07-18 00:00:00,"Carrera 55 #53-12",3281666400,"",Cartagena,177
CE,437330493,Cliente189 Ramírez,1956-04-18 00:00:00,"Calle 126 #87-13",3892108169,cliente189.55@gmail.com,Pereira,178
CE,194128533,Cliente191 Pérez,1986-06-27 00:00:00,"Calle 115 #65-19",3393770259,cliente191.464@yahoo.com,Bogotá,179
TI,506446534,Cliente192 Gómez,1978-09-17 00:00:00,"Avenida 82 #27-40",3316825320,cliente192.549@mail.com,Bucaramanga,180
CC,381875857,Cliente193 Gómez,1984-02-26 00:00:00,"Carrera 33 #37-36",3574068348,cliente193.104@yahoo.com,Pereira,181
TI,318225444,Cliente195 Gómez,1972-12-18 00:00:00,"Calle 90 #96-9",3991706589,"",Barranquilla,182
PAS,917977825,Cliente196 Pérez,1990-11-21 00:00:00,"Carrera 76 #50-35",3480280338,cliente196.542@mail.com,Cartagena,183
PAS,120753477,Cliente197 Ramírez,1974-02-03 00:00:00,"Carrera 85 #85-42",3554407830,cliente197.725@outlook.com,Medellín,184
PAS,123379946,Cliente198 Gómez,1999-02-09 00:00:00,"Calle 15 #38-47",3686224378,"",Bucaramanga,185
CE,240731533,Cliente199 Ramírez,1989-05-02 00:00:00,"Calle 121 #90-10",3765991635,cliente199.967@mail.com,Cali,186
CC,100324662,Cliente200 Ramírez,1960-02-23 00:00:00,"Calle 5 #8-15",3943605750,"",Bucaramanga,187
CC,162990881,Cliente201 Pérez,1984-10-23 00:00:00,"Carrera 115 #38-48",3898536833,cliente201.99@yahoo.com,Barranquilla,188
TI,854818992,Cliente203 Méndez,1974-07-10 00:00:00,"Avenida 119 #26-48",3475392585,cliente203.606@outlook.com,Cali,189
PAS,623049029,Cliente204 Torres,1995-09-04 00:00:00,"Diagonal 142 #12-4",3153087238,"",Bogotá,190
CE,454546977,Cliente205 Pérez,2002-04-02 00:00:00,"Diagonal 15 #55-26",3579081436,"",Cartagena,191
CE,423549942,Cliente206 Méndez,1963-04-14 00:00:00,"Calle 22 #57-9",3843066977,"",Cali,192
CE,261127475,Cliente207 Gómez,1967-09-01 00:00:00,"Carrera 29 #90-50",3216580418,"",Bogotá,193
PAS,303522893,Cliente208 Pérez,1967-06-05 00:00:00,"Diagonal 80 #38-14",3427282261,cliente208.843@gmail.com,Bogotá,194
CC,155041313,Cliente209 Méndez,1951-12-23 00:00:00,"Diagonal 59 #22-38",3986405822,"",Pereira,195
PAS,494276351,Cliente210 Pérez,1983-06-10 00:00:00,"Diagonal 18 #19-7",3840434526,"",Bogotá,196
PAS,208492311,Cliente211 Ramírez,2003-08-27 00:00:00,"Carrera 98 #85-25",3429161248,cliente211.109@gmail.com,Bogotá,197
PAS,674749162,Cliente212 Gómez,1956-08-14 00:00:00,"Diagonal 72 #92-36",3415016739,"",Cartagena,198
CE,692027994,Cliente213 Pérez,1976-06-02 00:00:00,"Carrera 101 #6-30",3845913483,cliente213.745@mail.com,Pereira,199
CE,151023659,Cliente214 Pérez,1969-10-09 00:00:00,"Calle 143 #39-50",3672891454,cliente214.921@yahoo.com,Medellín,200
PAS,376896011,Cliente215 Pérez,1996-02-01 00:00:00,"Calle 98 #74-16",3474387834,"",Medellín,201
PAS,282839530,Cliente216 Torres,2003-05-19 00:00:00,"Carrera 8 #8-15",3201050501,"",Medellín,202
CE,854181446,Cliente217 Ramírez,1968-07-28 00:00:00,"Calle 125 #87-44",3942768743,cliente217.357@gmail.com,Barranquilla,203
PAS,183660284,Cliente218 Pérez,1965-08-02 00:00:00,"Carrera 34 #15-45",3395956005,"",Barranquilla,204
CE,313843692,Cliente219 Méndez,1964-04-20 00:00:00,"Carrera 61 #56-46",3855839605,cliente219.518@outlook.com,Cartagena,205
TI,390622988,Cliente220 Torres,2002-03-21 00:00:00,"Diagonal 50 #46-46",3135739084,"",Bucaramanga,206
TI,659660617,Cliente221 Torres,2000-07-03 00:00:00,"Carrera 133 #76-36",3404785341,cliente221.184@outlook.com,Cali,207
CC,555553048,Cliente222 Gómez,1972-01-21 00:00:00,"Calle 83 #84-10",3497112243,"",Bucaramanga,208
CE,105537833,Cliente223 Gómez,2000-11-05 00:00:00,"Diagonal 102 #39-5",3154288600,"",Cartagena,209
TI,161688374,Cliente224 Torres,1970-07-25 00:00:00,"Avenida 75 #46-34",3880710687,cliente224.375@yahoo.com,Pereira,210
CC,339732963,Cliente225 Ramírez,1956-05-26 00:00:00,"Carrera 11 #26-8",3651097876,cliente225.991@outlook.com,Medellín,211
CE,453755865,Cliente226 Pérez,1958-06-24 00:00:00,"Carrera 28 #18-40",3970571949,cliente226.160@outlook.com,Cartagena,212
CC,141275991,Cliente228 Ramírez,1994-11-09 00:00:00,"Carrera 13 #82-29",3359470217,"",Barranquilla,213
CC,484048635,Cliente230 Méndez,1997-07-13 00:00:00,"Diagonal 139 #19-4",3101665037,cliente230.325@outlook.com,Cartagena,214
CE,899534405,Cliente231 Ramírez,1978-11-11 00:00:00,"Carrera 126 #81-5",3474500470,cliente231.914@outlook.com,Pereira,215
TI,571745086,Cliente232 Torres,1961-05-01 00:00:00,"Carrera 34 #36-18",3565512912,"",Cartagena,216
CC,915728134,Cliente233 Méndez,1956-02-22 00:00:00,"Carrera 76 #37-17",3814510274,cliente233.123@gmail.com,Pereira,217
CC,599540971,Cliente234 Gómez,1955-06-10 00:00:00,"Avenida 29 #49-10",3749374638,"",Cartagena,218
CC,145114881,Cliente235 Ramírez,1964-05-08 00:00:00,"Carrera 41 #50-45",3696332062,cliente235.254@gmail.com,Medellín,219
PAS,664358142,Cliente236 Méndez,2001-05-25 00:00:00,"Calle 65 #17-29",3144000939,"",Barranquilla,220
CC,794065337,Cliente237 Ramírez,1968-07-19 00:00:00,"Calle 150 #95-27",3849738995,"",Pereira,221
TI,735652324,Cliente238 Méndez,1956-11-13 00:00:00,"Avenida 51 #18-27",3228916505,"",Barranquilla,222
CE,670663771,Cliente239 Pérez,1951-01-12 00:00:00,"Avenida 69 #67-42",3175176680,cliente239.731@yahoo.com,Bucaramanga,223
TI,532662208,Cliente240 Torres,1971-10-10 00:00:00,"Avenida 113 #46-11",3478595898,"",Cali,224
CC,325793996,Cliente242 Torres,1961-01-10 00:00:00,"Avenida 47 #42-41",3298494576,cliente242.395@mail.com,Cali,225
CE,812317003,Cliente243 Torres,1976-06-06 00:00:00,"Avenida 30 #86-28",3529115225,"",Pereira,226
CE,985797852,Cliente244 Méndez,2005-05-25 00:00:00,"Avenida 136 #94-13",3905798361,cliente244.864@gmail.com,Pereira,227
PAS,764416133,Cliente245 Ramírez,1987-06-13 00:00:00,"Carrera 98 #27-41",3609041101,"",Cartagena,228
PAS,984603410,Cliente246 Méndez,1950-08-21 00:00:00,"Carrera 94 #99-42",3110600988,"",Pereira,229
TI,358464874,Cliente247 Torres,2004-08-16 00:00:00,"Calle 132 #66-18",3333070032,cliente247.492@yahoo.com,Barranquilla,230
CE,942205283,Cliente248 Pérez,1973-11-26 00:00:00,"Carrera 5 #7-19",3991738595,"",Bogotá,231
CE,456871575,Cliente249 Pérez,1978-06-22 00:00:00,"Calle 124 #51-10",3787422180,"",Bucaramanga,232
TI,748346425,Cliente250 Torres,1973-06-10 00:00:00,"Avenida 36 #68-5",3541678957,"",Barranquilla,233
PAS,770166691,Cliente251 Torres,1986-03-01 00:00:00,"Calle 104 #3-32",3399804292,"",Bucaramanga,234
CC,705440823,Cliente252 Gómez,2004-01-03 00:00:00,"Calle 60 #78-29",3422507484,"",Bogotá,235
CE,245405339,Cliente253 Méndez,1963-06-26 00:00:00,"Calle 148 #19-40",3567814535,cliente253.908@yahoo.com,Bucaramanga,236
CE,151253224,Cliente254 Méndez,1977-06-20 00:00:00,"Carrera 8 #36-4",3968641274,cliente254.481@gmail.com,Pereira,237
CE,720346331,Cliente255 Pérez,2005-06-20 00:00:00,"Calle 126 #17-25",3668175391,"",Bogotá,238
PAS,394504270,Cliente256 Pérez,2003-03-20 00:00:00,"Avenida 93 #31-3",3560656809,"",Bogotá,239
TI,613269767,Cliente258 Torres,2002-02-12 00:00:00,"Diagonal 64 #94-35",3289383955,"",Cali,240
CC,729750839,Cliente259 Ramírez,1992-02-16 00:00:00,"Calle 2 #1-20",3477626641,"",Barranquilla,241
CC,353384424,Cliente260 Ramírez,1961-02-04 00:00:00,"Avenida 45 #100-1",3994084025,"",Barranquilla,242
CC,491095733,Cliente261 Ramírez,1951-05-23 00:00:00,"Calle 42 #51-6",3137040462,cliente261.930@outlook.com,Bucaramanga,243
CE,551545817,Cliente262 Pérez,1977-05-28 00:00:00,"Calle 136 #27-1",3243870672,cliente262.684@yahoo.com,Bogotá,244
TI,858741183,Cliente263 Méndez,1969-10-08 00:00:00,"Carrera 129 #45-19",3313199793,"",Pereira,245
PAS,853381612,Cliente264 Pérez,1978-10-28 00:00:00,"Carrera 150 #60-20",3567202219,"",Pereira,246
TI,388083535,Cliente265 Ramírez,1999-08-19 00:00:00,"Carrera 109 #99-38",3601747646,"",Barranquilla,247
CC,142211487,Cliente266 Torres,1987-10-17 00:00:00,"Diagonal 105 #77-20",3808659415,"",Cali,248
CE,252003869,Cliente267 Gómez,2002-05-22 00:00:00,"Calle 109 #34-32",3865993850,"",Barranquilla,249
TI,646305935,Cliente270 Torres,1999-02-11 00:00:00,"Diagonal 131 #100-50",3577773863,"",Pereira,250
TI,698889448,Cliente271 Ramírez,1953-04-23 00:00:00,"Avenida 48 #90-31",3972504579,cliente271.846@gmail.com,Medellín,251
CE,910263125,Cliente272 Torres,1974-02-18 00:00:00,"Avenida 42 #13-27",3918868844,"",Cali,252
TI,497794100,Cliente273 Gómez,1962-10-23 00:00:00,"Diagonal 54 #57-2",3694529883,"",Bucaramanga,253
TI,310700811,Cliente274 Ramírez,1994-06-20 00:00:00,"Avenida 134 #20-13",3641756049,cliente274.312@yahoo.com,Pereira,254
PAS,703833620,Cliente275 Torres,1990-09-11 00:00:00,"Carrera 56 #48-32",3200275398,"",Cali,255
CE,570982746,Cliente276 Méndez,1987-03-16 00:00:00,"Diagonal 123 #75-31",3761157761,cliente276.21@outlook.com,Bucaramanga,256
CE,505390247,Cliente277 Gómez,1987-09-06 00:00:00,"Avenida 80 #91-34",3233378930,cliente277.34@gmail.com,Pereira,257
TI,612285021,Cliente278 Pérez,2003-03-06 00:00:00,"Calle 55 #90-37",3994327170,cliente278.257@outlook.com,Cali,258
PAS,748406901,Cliente279 Gómez,1977-12-22 00:00:00,"Diagonal 108 #15-26",3707760335,"",Bogotá,259
CE,317564542,Cliente280 Torres,1978-04-07 00:00:00,"Avenida 59 #82-1",3273799530,cliente280.147@yahoo.com,Bogotá,260
CC,222623526,Cliente281 Torres,1986-12-28 00:00:00,"Carrera 131 #89-39",3988370938,"",Barranquilla,261
CC,426064187,Cliente282 Torres,1993-04-13 00:00:00,"Diagonal 67 #41-45",3211466786,cliente282.973@yahoo.com,Bogotá,262
CE,305720567,Cliente283 Pérez,1970-04-23 00:00:00,"Diagonal 14 #34-37",3839852592,cliente283.217@yahoo.com,Medellín,263
PAS,815972285,Cliente284 Méndez,1969-05-25 00:00:00,"Calle 43 #92-28",3257716068,"",Cartagena,264
CC,478418240,Cliente285 Torres,2002-12-17 00:00:00,"Avenida 5 #20-28",3194335387,cliente285.734@gmail.com,Bogotá,265
CE,815751035,Cliente286 Pérez,1970-09-04 00:00:00,"Calle 115 #83-42",3998273614,cliente286.884@mail.com,Medellín,266
PAS,269486898,Cliente287 Ramírez,1973-03-20 00:00:00,"Avenida 135 #95-34",3232069993,"",Barranquilla,267
PAS,450433666,Cliente288 Gómez,1965-07-02 00:00:00,"Diagonal 3 #100-35",3192888321,"",Bucaramanga,268
TI,792389419,Cliente289 Torres,1983-07-16 00:00:00,"Carrera 52 #58-2",3626483698,cliente289.523@mail.com,Pereira,269
TI,865829811,Cliente290 Méndez,1961-05-22 00:00:00,"Diagonal 102 #100-50",3544900736,cliente290.536@gmail.com,Barranquilla,270
TI,219734099,Cliente291 Ramírez,1974-03-09 00:00:00,"Avenida 19 #42-2",3280417266,"",Medellín,271
TI,210718741,Cliente293 Torres,2000-08-13 00:00:00,"Carrera 115 #22-11",3529527195,"",Bogotá,272
CE,372970164,Cliente294 Gómez,1967-09-19 00:00:00,"Calle 55 #2-5",3697557378,"",Bogotá,273
CE,296904667,Cliente295 Ramírez,2004-06-07 00:00:00,"Diagonal 65 #7-12",3273897850,cliente295.218@yahoo.com,Medellín,274
CC,958005063,Cliente297 Méndez,1982-04-03 00:00:00,"Diagonal 150 #67-45",3729653974,"",Cali,275
PAS,751917119,Cliente298 Torres,1986-02-09 00:00:00,"Carrera 51 #92-46",3310913392,"",Cartagena,276
CE,898406247,Cliente299 Ramírez,2004-02-19 00:00:00,"Avenida 64 #76-29",3181535415,cliente299.224@yahoo.com,Cartagena,277
TI,598582090,Cliente300 Gómez,1999-06-17 00:00:00,"Avenida 137 #46-9",3852012127,cliente300.93@yahoo.com,Bogotá,278
PAS,866115769,Cliente301 Torres,1980-06-03 00:00:00,"Carrera 43 #11-9",3873616600,"",Bucaramanga,279
CE,185408843,Cliente302 Torres,1989-11-06 00:00:00,"Carrera 123 #88-21",3378222995,cliente302.329@gmail.com,Cali,280
CC,913183186,Cliente303 Pérez,1994-07-26 00:00:00,"Calle 54 #80-7",3717886748,"",Bogotá,281
CC,828382087,Cliente304 Torres,1978-02-24 00:00:00,"Carrera 141 #2-10",3580522588,"",Bogotá,282
CE,718946680,Cliente306 Pérez,2004-12-17 00:00:00,"Diagonal 99 #37-15",3262818048,cliente306.377@outlook.com,Cartagena,283
PAS,774399278,Cliente307 Ramírez,1970-02-16 00:00:00,"Calle 54 #68-22",3514660084,cliente307.283@yahoo.com,Bucaramanga,284
TI,514875699,Cliente308 Pérez,1994-12-21 00:00:00,"Diagonal 127 #59-5",3788341376,"",Bogotá,285
PAS,775542856,Cliente309 Torres,1998-09-04 00:00:00,"Avenida 92 #47-20",3347038062,"",Bogotá,286
PAS,706588847,Cliente310 Gómez,1989-02-09 00:00:00,"Calle 63 #30-21",3551564429,"",Bucaramanga,287
TI,466834359,Cliente311 Pérez,1966-08-05 00:00:00,"Avenida 25 #46-10",3718582372,cliente311.575@mail.com,Barranquilla,288
TI,897419998,Cliente312 Torres,1955-08-02 00:00:00,"Avenida 10 #2-32",3678886348,"",Bucaramanga,289
PAS,940867680,Cliente313 Gómez,1961-05-16 00:00:00,"Avenida 143 #41-7",3129638842,"",Bogotá,290
PAS,277411940,Cliente314 Torres,1979-08-11 00:00:00,"Diagonal 34 #84-35",3956345511,"",Cartagena,291
PAS,944037357,Cliente315 Méndez,1999-03-26 00:00:00,"Diagonal 95 #72-50",3555140327,"",Pereira,292
CE,138461966,Cliente316 Gómez,1983-04-15 00:00:00,"Avenida 100 #92-5",3614846935,cliente316.604@mail.com,Pereira,293
CC,796398792,Cliente317 Ramírez,1961-07-18 00:00:00,"Calle 49 #75-28",3716689513,"",Cali,294
PAS,967335409,Cliente318 Gómez,1956-01-08 00:00:00,"Calle 85 #44-14",3621617898,cliente318.773@outlook.com,Pereira,295
CC,872789726,Cliente319 Pérez,1982-01-23 00:00:00,"Avenida 98 #27-26",3492052620,"",Pereira,296
CC,338371050,Cliente320 Gómez,1964-12-10 00:00:00,"Diagonal 67 #88-8",3463111676,cliente320.544@gmail.com,Pereira,297
CC,770895848,Cliente321 Gómez,1991-12-14 00:00:00,"Calle 8 #42-38",3374479547,cliente321.833@yahoo.com,Bucaramanga,298
TI,888001763,Cliente322 Ramírez,1976-02-06 00:00:00,"Carrera 59 #75-21",3186405732,"",Pereira,299
CE,954598832,Cliente323 Gómez,2005-11-02 00:00:00,"Diagonal 113 #52-12",3349577503,"",Pereira,300
PAS,193938977,Cliente324 Torres,1957-05-17 00:00:00,"Diagonal 1 #83-28",3688993897,"",Medellín,301
PAS,209424433,Cliente325 Gómez,2001-06-16 00:00:00,"Carrera 77 #19-28",3192425454,"",Bucaramanga,302
CC,461239235,Cliente326 Ramírez,1982-06-01 00:00:00,"Calle 63 #23-43",3941644316,cliente326.857@gmail.com,Pereira,303
TI,330913588,Cliente328 Torres,1953-02-26 00:00:00,"Avenida 19 #59-39",3123309051,cliente328.355@yahoo.com,Medellín,304
CC,562208037,Cliente329 Gómez,1977-06-26 00:00:00,"Carrera 112 #71-1",3297341208,cliente329.214@yahoo.com,Pereira,305
CC,751277403,Cliente330 Torres,1959-03-05 00:00:00,"Diagonal 140 #66-10",3980074172,cliente330.781@yahoo.com,Barranquilla,306
PAS,865689776,Cliente331 Ramírez,1980-10-09 00:00:00,"Avenida 143 #18-5",3310988929,cliente331.893@outlook.com,Bogotá,307
CE,150909183,Cliente332 Pérez,1968-05-28 00:00:00,"Carrera 65 #46-50",3815396842,cliente332.691@yahoo.com,Medellín,308
CE,515754061,Cliente333 Ramírez,1999-04-06 00:00:00,"Carrera 129 #96-49",3964976511,cliente333.560@gmail.com,Bucaramanga,309
CE,947647440,Cliente334 Gómez,1993-03-06 00:00:00,"Calle 120 #89-8",3483114539,cliente334.835@yahoo.com,Cali,310
PAS,249825574,Cliente335 Gómez,1952-08-24 00:00:00,"Carrera 10 #86-38",3710939606,"",Cartagena,311
CC,453424330,Cliente336 Ramírez,2001-04-19 00:00:00,"Avenida 39 #80-15",3224784419,"",Medellín,312
CC,475428594,Cliente337 Pérez,1960-03-22 00:00:00,"Avenida 122 #7-13",3969102144,"",Cali,313
CC,391665369,Cliente338 Gómez,1993-09-22 00:00:00,"Calle 118 #46-30",3826951042,cliente338.126@outlook.com,Pereira,314
TI,147154279,Cliente339 Ramírez,1981-06-11 00:00:00,"Carrera 92 #75-11",3803853152,"",Bogotá,315
TI,339000603,Cliente340 Pérez,1992-07-25 00:00:00,"Diagonal 13 #58-44",3318184584,cliente340.641@gmail.com,Pereira,316
CE,175933082,Cliente341 Torres,1957-09-27 00:00:00,"Carrera 84 #15-2",3472152115,cliente341.259@gmail.com,Pereira,317
TI,133308302,Cliente342 Gómez,1957-05-08 00:00:00,"Avenida 46 #55-32",3604202664,cliente342.242@gmail.com,Cali,318
CE,984738960,Cliente343 Pérez,1993-03-28 00:00:00,"Carrera 35 #15-13",3501837962,cliente343.937@gmail.com,Pereira,319
PAS,989128888,Cliente344 Pérez,1966-04-09 00:00:00,"Carrera 132 #21-10",3633616761,cliente344.334@yahoo.com,Cartagena,320
CE,847847340,Cliente345 Méndez,1997-02-28 00:00:00,"Avenida 10 #61-2",3635903140,cliente345.102@outlook.com,Cartagena,321
TI,717847735,Cliente346 Torres,1966-04-23 00:00:00,"Calle 147 #56-27",3571545650,cliente346.743@outlook.com,Cali,322
PAS,339141705,Cliente347 Torres,1994-12-05 00:00:00,"Avenida 60 #62-34",3210160703,cliente347.620@mail.com,Pereira,323
TI,498591474,Cliente348 Gómez,1998-09-07 00:00:00,"Avenida 39 #71-45",3128814363,cliente348.329@yahoo.com,Pereira,324
CC,533483489,Cliente349 Pérez,2002-08-05 00:00:00,"Carrera 116 #89-48",3117402383,cliente349.919@yahoo.com,Cartagena,325
TI,828824600,Cliente350 Gómez,1950-06-24 00:00:00,"Calle 32 #70-43",3899533798,cliente350.515@mail.com,Bogotá,326
PAS,893404534,Cliente351 Pérez,1983-05-18 00:00:00,"Calle 90 #81-34",3462176052,"",Medellín,327
CE,960873029,Cliente352 Méndez,1956-05-02 00:00:00,"Calle 6 #27-6",3829148897,cliente352.352@outlook.com,Bogotá,328
TI,642820785,Cliente353 Ramírez,1998-11-19 00:00:00,"Avenida 143 #11-42",3670877827,cliente353.921@mail.com,Cartagena,329
CE,798109285,Cliente354 Ramírez,1952-08-19 00:00:00,"Diagonal 149 #46-34",3311229307,cliente354.143@mail.com,Bogotá,330
TI,664569174,Cliente355 Ramírez,1985-09-09 00:00:00,"Diagonal 90 #62-47",3832929984,"",Cali,331
CE,511135574,Cliente356 Ramírez,1999-10-09 00:00:00,"Avenida 28 #1-31",3473229233,"",Bogotá,332
CE,405637369,Cliente357 Ramírez,1963-02-17 00:00:00,"Avenida 139 #97-43",3196514675,"",Medellín,333
PAS,839546930,Cliente358 Torres,1958-01-20 00:00:00,"Avenida 71 #16-40",3765168330,cliente358.691@yahoo.com,Bucaramanga,334
CC,286186284,Cliente359 Pérez,1962-10-03 00:00:00,"Carrera 128 #17-32",3932646784,"",Cartagena,335
CE,638863449,Cliente360 Méndez,1953-05-11 00:00:00,"Carrera 113 #29-29",3365920287,cliente360.972@mail.com,Medellín,336
CE,405613764,Cliente361 Torres,2005-10-24 00:00:00,"Avenida 142 #33-12",3428521113,cliente361.16@outlook.com,Medellín,337
PAS,244776281,Cliente362 Ramírez,1959-04-09 00:00:00,"Calle 70 #4-21",3284931228,"",Cartagena,338
CE,958294517,Cliente363 Gómez,1956-05-05 00:00:00,"Calle 127 #15-42",3783952262,"",Cali,339
CC,380969186,Cliente364 Torres,1954-07-26 00:00:00,"Avenida 29 #64-27",3133402429,cliente364.943@outlook.com,Cartagena,340
TI,217188882,Cliente366 Gómez,1988-07-18 00:00:00,"Avenida 75 #89-25",3759500513,cliente366.607@outlook.com,Barranquilla,341
TI,466631928,Cliente367 Gómez,1980-09-03 00:00:00,"Diagonal 124 #35-16",3593788940,"",Cali,342
PAS,424901664,Cliente370 Ramírez,1984-11-21 00:00:00,"Carrera 115 #47-23",3594260948,"",Cartagena,343
CC,533515996,Cliente371 Méndez,1988-05-25 00:00:00,"Diagonal 1 #24-33",3951125289,"",Medellín,344
CC,505695265,Cliente372 Gómez,1973-05-15 00:00:00,"Avenida 54 #9-15",3912796131,cliente372.630@yahoo.com,Bogotá,345
CC,353050559,Cliente373 Méndez,2001-05-14 00:00:00,"Calle 63 #6-48",3671753465,"",Pereira,346
TI,602902138,Cliente374 Ramírez,1994-10-01 00:00:00,"Calle 93 #17-40",3359448685,cliente374.192@gmail.com,Pereira,347
CC,882503700,Cliente376 Gómez,1964-08-03 00:00:00,"Calle 111 #94-50",3782236497,"",Pereira,348
CE,518151559,Cliente377 Ramírez,1967-07-14 00:00:00,"Calle 140 #40-49",3749217726,cliente377.756@mail.com,Cartagena,349
TI,733200008,Cliente378 Méndez,1971-11-07 00:00:00,"Carrera 138 #28-15",3713305465,"",Cali,350
PAS,454905206,Cliente379 Gómez,1961-07-25 00:00:00,"Calle 100 #94-7",3212731919,"",Cartagena,351
CE,299204937,Cliente380 Méndez,1990-01-16 00:00:00,"Avenida 127 #29-36",3954858752,"",Cali,352
CC,689413250,Cliente381 Gómez,1979-05-03 00:00:00,"Diagonal 35 #78-48",3743169223,"",Cartagena,353
PAS,456929063,Cliente382 Torres,1977-05-04 00:00:00,"Diagonal 32 #64-13",3616382482,"",Barranquilla,354
TI,821657837,Cliente383 Pérez,1965-04-20 00:00:00,"Diagonal 132 #81-12",3644569385,"",Bucaramanga,355
CE,602286010,Cliente384 Méndez,1995-01-07 00:00:00,"Carrera 62 #59-15",3799529475,"",Bogotá,356
CC,478789642,Cliente385 Gómez,1980-04-03 00:00:00,"Calle 94 #19-5",3533952462,"",Bogotá,357
CC,435944534,Cliente386 Pérez,1972-12-26 00:00:00,"Avenida 96 #26-20",3418680956,"",Medellín,358
PAS,965768768,Cliente387 Méndez,2000-08-10 00:00:00,"Calle 117 #8-22",3707823633,cliente387.743@gmail.com,Cartagena,359
PAS,222863666,Cliente388 Méndez,1982-09-21 00:00:00,"Avenida 55 #35-32",3892631540,"",Bogotá,360
CE,880842193,Cliente389 Ramírez,2000-03-22 00:00:00,"Calle 88 #55-24",3935301138,cliente389.736@mail.com,Medellín,361
CC,109888169,Cliente390 Pérez,1995-06-27 00:00:00,"Diagonal 3 #60-33",3607099907,"",Pereira,362
TI,744788514,Cliente391 Gómez,1959-08-10 00:00:00,"Diagonal 87 #51-47",3731612805,cliente391.235@gmail.com,Cali,363
CC,971229877,Cliente392 Méndez,2000-11-13 00:00:00,"Calle 79 #32-14",3442336762,cliente392.62@outlook.com,Barranquilla,364
TI,441496592,Cliente393 Gómez,1961-11-09 00:00:00,"Avenida 59 #41-44",3425930224,"",Cartagena,365
TI,644222099,Cliente394 Ramírez,1958-02-12 00:00:00,"Carrera 133 #8-10",3451810106,cliente394.156@outlook.com,Cali,366
PAS,420972963,Cliente395 Méndez,1963-10-02 00:00:00,"Diagonal 35 #26-50",3504424805,"",Pereira,367
TI,269367911,Cliente396 Ramírez,1992-06-24 00:00:00,"Carrera 62 #78-30",3681032343,cliente396.324@yahoo.com,Cali,368
CC,887342027,Cliente397 Torres,2003-09-10 00:00:00,"Avenida 133 #56-29",3652645550,"",Medellín,369
PAS,481944799,Cliente398 Torres,1962-11-04 00:00:00,"Calle 86 #88-17",3421087901,"",Cali,370
CC,684489058,Cliente399 Méndez,1991-05-16 00:00:00,"Calle 62 #86-1",3541373297,cliente399.206@gmail.com,Cartagena,371
CC,912349164,Cliente400 Torres,1972-05-09 00:00:00,"Carrera 78 #75-40",3938418132,cliente400.792@gmail.com,Cartagena,372
CE,371287464,Cliente401 Ramírez,1964-09-22 00:00:00,"Carrera 82 #35-39",3870207155,cliente401.188@mail.com,Bogotá,373
TI,834322361,Cliente402 Méndez,1990-11-14 00:00:00,"Carrera 43 #92-5",3164838418,cliente402.677@gmail.com,Bucaramanga,374
TI,392133188,Cliente403 Ramírez,2002-11-02 00:00:00,"Avenida 101 #5-39",3884466396,"",Bogotá,375
CC,848488620,Cliente404 Torres,2000-01-18 00:00:00,"Avenida 108 #43-12",3744771613,cliente404.721@mail.com,Barranquilla,376
CC,272001062,Cliente405 Pérez,1968-08-04 00:00:00,"Calle 116 #71-38",3665905764,"",Cali,377
CE,533972507,Cliente406 Méndez,1998-02-15 00:00:00,"Carrera 123 #22-39",3186362321,cliente406.892@outlook.com,Medellín,378
CE,267423138,Cliente407 Méndez,1978-10-18 00:00:00,"Diagonal 12 #72-13",3436598759,"",Cali,379
PAS,342208407,Cliente408 Pérez,1961-11-25 00:00:00,"Calle 95 #98-29",3866800567,"",Cali,380
CE,426460007,Cliente409 Gómez,1972-01-22 00:00:00,"Calle 97 #7-20",3974670713,"",Bogotá,381
CE,437329971,Cliente410 Gómez,1957-06-06 00:00:00,"Avenida 142 #23-39",3771064807,"",Bucaramanga,382
CC,947206202,Cliente411 Méndez,1976-12-21 00:00:00,"Carrera 34 #63-47",3421726797,"",Medellín,383
PAS,759006842,Cliente412 Gómez,1981-07-11 00:00:00,"Carrera 116 #93-9",3452799384,cliente412.139@yahoo.com,Medellín,384
PAS,351663596,Cliente413 Torres,1968-08-11 00:00:00,"Diagonal 55 #40-1",3449275179,"",Medellín,385
PAS,939764466,Cliente414 Gómez,1967-07-16 00:00:00,"Diagonal 149 #82-42",3455182788,cliente414.184@gmail.com,Cartagena,386
TI,808008562,Cliente415 Gómez,1953-10-19 00:00:00,"Calle 52 #100-7",3127859013,"",Cartagena,387
CE,460620397,Cliente416 Gómez,1986-07-17 00:00:00,"Carrera 57 #87-49",3593995405,cliente416.173@outlook.com,Bogotá,388
CC,497827053,Cliente417 Gómez,1976-10-17 00:00:00,"Calle 143 #5-28",3558329914,cliente417.305@outlook.com,Cartagena,389
PAS,252908867,Cliente418 Pérez,1952-04-24 00:00:00,"Diagonal 88 #26-22",3820515763,"",Bogotá,390
CE,837557354,Cliente419 Pérez,1958-10-23 00:00:00,"Carrera 108 #53-3",3459345610,"",Bucaramanga,391
CE,819380142,Cliente420 Pérez,1971-05-04 00:00:00,"Diagonal 130 #59-38",3546657875,cliente420.298@outlook.com,Bucaramanga,392
PAS,325601584,Cliente423 Torres,1991-07-16 00:00:00,"Avenida 82 #35-46",3382961701,cliente423.525@gmail.com,Barranquilla,393
PAS,906896000,Cliente426 Méndez,1954-12-19 00:00:00,"Avenida 78 #33-36",3129511391,cliente426.509@mail.com,Cartagena,394
CC,970928739,Cliente427 Torres,1968-01-13 00:00:00,"Avenida 104 #34-20",3581844658,cliente427.677@yahoo.com,Bogotá,395
CC,431263288,Cliente428 Pérez,1992-03-21 00:00:00,"Avenida 37 #36-2",3587516308,"",Bogotá,396
TI,321137173,Cliente429 Méndez,1954-08-20 00:00:00,"Avenida 33 #96-32",3379886786,"",Cali,397
CE,615191530,Cliente431 Méndez,2000-09-05 00:00:00,"Diagonal 113 #12-9",3423578034,cliente431.985@gmail.com,Bogotá,398
CC,757489570,Cliente432 Pérez,2003-03-11 00:00:00,"Diagonal 118 #34-29",3847198001,cliente432.447@gmail.com,Cartagena,399
TI,180679602,Cliente433 Torres,1960-06-22 00:00:00,"Carrera 61 #91-25",3698546084,"",Barranquilla,400
PAS,250228593,Cliente434 Ramírez,2001-08-03 00:00:00,"Avenida 47 #83-48",3274853522,"",Pereira,401
PAS,609966624,Cliente435 Ramírez,1975-07-21 00:00:00,"Carrera 68 #99-3",3979197640,cliente435.564@outlook.com,Pereira,402
CE,549222667,Cliente436 Méndez,1971-02-02 00:00:00,"Avenida 91 #37-33",3395057839,cliente436.903@gmail.com,Barranquilla,403
PAS,587936287,Cliente437 Ramírez,1983-04-18 00:00:00,"Diagonal 32 #2-24",3624483578,cliente437.56@gmail.com,Cali,404
PAS,118301538,Cliente438 Méndez,1984-02-11 00:00:00,"Diagonal 34 #1-12",3309281383,"",Bucaramanga,405
PAS,518200367,Cliente439 Pérez,1962-05-21 00:00:00,"Carrera 13 #73-46",3697541399,cliente439.392@yahoo.com,Bogotá,406
CE,896500485,Cliente440 Gómez,1988-11-08 00:00:00,"Diagonal 52 #88-5",3486148042,"",Pereira,407
TI,284773211,Cliente442 Méndez,1986-11-26 00:00:00,"Avenida 103 #59-48",3690933968,"",Pereira,408
PAS,768965686,Cliente443 Gómez,1987-08-12 00:00:00,"Carrera 87 #10-10",3169622911,"",Barranquilla,409
TI,596088039,Cliente444 Ramírez,1965-08-26 00:00:00,"Carrera 144 #40-1",3268560355,cliente444.343@mail.com,Bogotá,410
PAS,801187863,Cliente445 Méndez,1959-09-09 00:00:00,"Diagonal 142 #81-1",3519200963,"",Barranquilla,411
CC,858568489,Cliente446 Gómez,1960-02-10 00:00:00,"Avenida 38 #15-14",3444997383,"",Barranquilla,412
CE,716122561,Cliente447 Méndez,1950-07-05 00:00:00,"Avenida 100 #89-26",3989439042,"",Bucaramanga,413
TI,565884120,Cliente448 Méndez,1963-01-27 00:00:00,"Calle 16 #46-4",3783521257,cliente448.195@mail.com,Bogotá,414
CC,214777672,Cliente449 Pérez,1974-10-04 00:00:00,"Calle 9 #80-49",3746965033,cliente449.360@gmail.com,Medellín,415
TI,595127498,Cliente450 Torres,1979-03-07 00:00:00,"Avenida 98 #3-42",3493488149,cliente450.694@outlook.com,Cali,416
CC,803387907,Cliente451 Pérez,1962-02-07 00:00:00,"Avenida 57 #69-16",3975702095,cliente451.62@outlook.com,Cali,417
CE,724548938,Cliente452 Gómez,1984-03-25 00:00:00,"Carrera 107 #87-41",3930341766,cliente452.946@gmail.com,Bucaramanga,418
CE,753391180,Cliente453 Méndez,1954-04-21 00:00:00,"Calle 9 #53-3",3910938223,"",Bogotá,419
TI,920329753,Cliente454 Ramírez,1958-02-16 00:00:00,"Diagonal 43 #25-8",3651604401,"",Barranquilla,420
PAS,362568351,Cliente455 Ramírez,1981-09-05 00:00:00,"Avenida 114 #71-43",3267171395,"",Medellín,421
PAS,435189997,Cliente456 Torres,1964-12-24 00:00:00,"Avenida 135 #87-3",3519250450,"",Bogotá,422
PAS,820048599,Cliente457 Gómez,1958-07-21 00:00:00,"Carrera 9 #53-3",3691930761,"",Pereira,423
PAS,124583206,Cliente458 Pérez,2001-05-13 00:00:00,"Carrera 10 #54-20",3103523190,cliente458.409@gmail.com,Bogotá,424
CE,415853197,Cliente459 Gómez,1960-03-23 00:00:00,"Diagonal 113 #100-23",3847980671,cliente459.862@outlook.com,Pereira,425
CE,429590901,Cliente460 Méndez,1979-10-16 00:00:00,"Avenida 7 #7-33",3744435548,cliente460.101@yahoo.com,Bucaramanga,426
CE,351903669,Cliente461 Gómez,1978-02-05 00:00:00,"Avenida 23 #33-3",3760539260,"",Pereira,427
CE,114998383,Cliente462 Pérez,2003-04-26 00:00:00,"Diagonal 145 #44-48",3820369639,cliente462.417@outlook.com,Medellín,428
CC,526719972,Cliente463 Torres,1962-03-09 00:00:00,"Calle 118 #46-49",3716808601,cliente463.590@gmail.com,Cali,429
CC,460593257,Cliente464 Torres,1988-05-26 00:00:00,"Diagonal 140 #5-39",3980575387,cliente464.446@outlook.com,Pereira,430
CE,969163663,Cliente465 Ramírez,1953-01-06 00:00:00,"Carrera 17 #93-48",3443728608,cliente465.574@yahoo.com,Cartagena,431
CE,480337070,Cliente466 Torres,1979-12-06 00:00:00,"Diagonal 37 #30-44",3325622900,cliente466.492@outlook.com,Bucaramanga,432
TI,415340882,Cliente467 Torres,1963-11-13 00:00:00,"Carrera 140 #90-22",3743621371,"",Pereira,433
TI,892619546,Cliente468 Pérez,1955-03-09 00:00:00,"Calle 140 #20-48",3161170402,"",Medellín,434
TI,652478551,Cliente469 Ramírez,1952-11-13 00:00:00,"Carrera 89 #40-6",3444070999,"",Barranquilla,435
CE,398285037,Cliente470 Ramírez,2004-05-24 00:00:00,"Avenida 65 #90-3",3816222044,"",Bogotá,436
CC,163553584,Cliente471 Méndez,1966-12-25 00:00:00,"Diagonal 150 #50-47",3680637304,"",Medellín,437
PAS,301476223,Cliente472 Ramírez,1965-09-08 00:00:00,"Calle 87 #3-32",3326147719,"",Barranquilla,438
CC,817894167,Cliente473 Méndez,1977-11-27 00:00:00,"Calle 61 #33-50",3983556376,cliente473.774@mail.com,Medellín,439
TI,298419064,Cliente474 Torres,1977-02-07 00:00:00,"Calle 99 #79-18",3837677710,cliente474.206@outlook.com,Cartagena,440
TI,315297318,Cliente475 Méndez,1955-10-02 00:00:00,"Carrera 27 #53-40",3805828290,cliente475.480@gmail.com,Bogotá,441
TI,168239652,Cliente476 Gómez,1995-12-23 00:00:00,"Avenida 135 #69-37",3363065797,cliente476.989@gmail.com,Bogotá,442
CC,788712329,Cliente477 Ramírez,1991-02-26 00:00:00,"Carrera 20 #87-27",3102841423,"",Bogotá,443
CC,330459344,Cliente478 Méndez,1958-01-07 00:00:00,"Calle 101 #51-38",3954747057,"",Pereira,444
TI,999798764,Cliente479 Pérez,1960-10-24 00:00:00,"Diagonal 60 #23-21",3535978955,cliente479.423@outlook.com,Bogotá,445
PAS,827747753,Cliente480 Méndez,1958-07-07 00:00:00,"Avenida 68 #100-38",3165437988,cliente480.597@gmail.com,Barranquilla,446
CC,889040813,Cliente481 Méndez,1974-11-05 00:00:00,"Avenida 84 #55-45",3484635421,"",Bogotá,447
PAS,565073021,Cliente482 Ramírez,1952-03-24 00:00:00,"Calle 4 #5-19",3479543485,"",Cartagena,448
CC,251381627,Cliente483 Pérez,1992-08-26 00:00:00,"Diagonal 142 #28-36",3875229843,"",Pereira,449
CC,138956359,Cliente485 Méndez,1978-11-01 00:00:00,"Avenida 5 #48-47",3220511750,cliente485.134@mail.com,Cali,450
PAS,123782546,Cliente486 Ramírez,1988-08-24 00:00:00,"Calle 61 #75-5",3672450533,"",Cartagena,451
PAS,210162903,Cliente487 Torres,1964-10-17 00:00:00,"Carrera 77 #63-15",3734215653,"",Cartagena,452
CE,139861267,Cliente488 Torres,1977-01-02 00:00:00,"Avenida 61 #31-15",3288072447,"",Cartagena,453
TI,307839997,Cliente489 Ramírez,1957-09-13 00:00:00,"Avenida 87 #32-1",3955651337,cliente489.974@outlook.com,Barranquilla,454
CC,227744983,Cliente490 Ramírez,1959-03-07 00:00:00,"Carrera 15 #60-4",3957485188,"",Bucaramanga,455
TI,685246216,Cliente491 Méndez,1979-12-10 00:00:00,"Calle 138 #78-43",3649121173,cliente491.694@mail.com,Bogotá,456
CE,671781971,Cliente492 Pérez,1964-07-26 00:00:00,"Calle 136 #58-6",3336803356,cliente492.760@outlook.com,Cali,457
CE,795496398,Cliente493 Ramírez,1984-08-07 00:00:00,"Calle 145 #15-44",3165002585,"",Cartagena,458
PAS,755445685,Cliente494 Gómez,1969-05-17 00:00:00,"Carrera 71 #26-31",3891143019,"",Medellín,459
CC,830904886,Cliente495 Pérez,1996-09-16 00:00:00,"Avenida 45 #92-4",3651932842,cliente495.683@gmail.com,Bogotá,460
PAS,871725732,Cliente496 Gómez,1961-12-28 00:00:00,"Avenida 136 #30-8",3572420450,"",Cartagena,461
CC,111826387,Cliente497 Ramírez,1983-03-04 00:00:00,"Diagonal 40 #58-12",3508653326,cliente497.694@outlook.com,Bucaramanga,462
CE,276211123,Cliente498 Méndez,1987-12-09 00:00:00,"Carrera 133 #1-17",3968039267,cliente498.67@mail.com,Cali,463
TI,901252330,Cliente499 Gómez,1997-11-11 00:00:00,"Avenida 139 #86-49",3659665078,"",Cartagena,464
TI,753477821,Cliente500 Gómez,1973-12-22 00:00:00,"Carrera 75 #64-50",3306857945,"",Cartagena,465
TI,741359880,Cliente501 Gómez,1982-05-02 00:00:00,"Carrera 27 #60-17",3725483345,cliente501.946@mail.com,Bogotá,466
CC,433867271,Cliente502 Torres,2000-06-12 00:00:00,"Avenida 130 #75-46",3707655986,cliente502.199@mail.com,Barranquilla,467
PAS,542303435,Cliente503 Torres,1962-03-24 00:00:00,"Diagonal 60 #20-44",3373137019,cliente503.861@yahoo.com,Bucaramanga,468
TI,224759174,Cliente504 Ramírez,2003-10-03 00:00:00,"Avenida 45 #49-9",3569442925,"",Pereira,469
TI,374999549,Cliente505 Gómez,1986-06-14 00:00:00,"Diagonal 45 #66-24",3272880822,"",Bucaramanga,470
CE,797866685,Cliente506 Torres,1975-11-16 00:00:00,"Calle 60 #35-38",3631912586,"",Medellín,471
CC,484411676,Cliente507 Méndez,1997-03-21 00:00:00,"Diagonal 81 #23-41",3960049796,cliente507.31@yahoo.com,Bogotá,472
TI,816157914,Cliente508 Torres,1968-09-09 00:00:00,"Calle 95 #35-41",3412062447,cliente508.221@gmail.com,Medellín,473
CC,336151073,Cliente509 Ramírez,1987-01-28 00:00:00,"Diagonal 104 #1-47",3257078621,"",Bogotá,474
CC,758530364,Cliente510 Méndez,1954-12-20 00:00:00,"Avenida 11 #69-26",3651640496,"",Cali,475
CE,957403867,Cliente511 Méndez,1994-01-04 00:00:00,"Calle 18 #75-50",3575743323,"",Barranquilla,476
CC,856878018,Cliente512 Gómez,1983-10-10 00:00:00,"Diagonal 59 #63-46",3861492170,"",Cali,477
PAS,835781355,Cliente513 Pérez,1969-08-03 00:00:00,"Calle 21 #11-32",3977658199,cliente513.676@yahoo.com,Medellín,478
CC,290976424,Cliente514 Torres,1981-01-11 00:00:00,"Diagonal 97 #13-28",3714371947,"",Bucaramanga,479
TI,871864869,Cliente515 Gómez,1959-10-11 00:00:00,"Carrera 122 #65-10",3809817861,cliente515.921@gmail.com,Cartagena,480
PAS,630776443,Cliente517 Méndez,1954-10-06 00:00:00,"Avenida 131 #86-13",3711701076,cliente517.673@gmail.com,Pereira,481
CC,243101552,Cliente518 Gómez,1995-04-12 00:00:00,"Diagonal 22 #14-48",3739732038,"",Cali,482
TI,578805716,Cliente519 Gómez,1984-04-20 00:00:00,"Carrera 3 #10-28",3459342266,cliente519.623@mail.com,Medellín,483
CE,687741522,Cliente520 Torres,1952-10-22 00:00:00,"Calle 72 #40-45",3895811465,cliente520.576@mail.com,Bogotá,484
TI,312535753,Cliente521 Gómez,1985-12-14 00:00:00,"Diagonal 16 #91-47",3754862069,"",Barranquilla,485
PAS,853431028,Cliente522 Ramírez,2004-05-21 00:00:00,"Diagonal 68 #76-43",3593823565,cliente522.310@gmail.com,Bogotá,486
CE,450149821,Cliente523 Méndez,1996-12-12 00:00:00,"Carrera 130 #33-25",3744215176,"",Barranquilla,487
CE,623595427,Cliente526 Méndez,1979-06-21 00:00:00,"Carrera 39 #29-42",3936538940,cliente526.834@yahoo.com,Cartagena,488
CC,325491415,Cliente527 Gómez,1954-07-11 00:00:00,"Calle 6 #52-40",3967073975,"",Bogotá,489
CE,268115562,Cliente528 Pérez,1991-11-24 00:00:00,"Carrera 142 #9-31",3475288464,cliente528.654@mail.com,Cali,490
CE,547194301,Cliente529 Ramírez,1997-07-09 00:00:00,"Diagonal 36 #13-21",3539300247,"",Bogotá,491
CC,583128156,Cliente530 Gómez,1956-12-01 00:00:00,"Diagonal 78 #51-35",3922373015,cliente530.294@mail.com,Bucaramanga,492
PAS,875468208,Cliente531 Ramírez,1951-07-09 00:00:00,"Calle 83 #84-13",3195000401,cliente531.978@mail.com,Cali,493
CE,467533065,Cliente532 Torres,1997-05-14 00:00:00,"Diagonal 13 #24-42",3873656858,"",Cali,494
CC,193250046,Cliente533 Pérez,1964-04-23 00:00:00,"Diagonal 34 #96-19",3650848247,"",Medellín,495
TI,444162004,Cliente534 Méndez,2000-02-06 00:00:00,"Calle 57 #45-28",3745554218,cliente534.560@gmail.com,Pereira,496
TI,781348147,Cliente535 Ramírez,1993-02-17 00:00:00,"Diagonal 120 #83-26",3247438099,"",Cartagena,497
CC,481961245,Cliente537 Ramírez,1984-08-25 00:00:00,"Avenida 65 #43-11",3670161622,"",Bucaramanga,498
CC,694538358,Cliente538 Méndez,1982-11-13 00:00:00,"Calle 28 #60-1",3900616202,cliente538.289@gmail.com,Cartagena,499
CE,336322363,Cliente539 Gómez,2005-03-26 00:00:00,"Diagonal 149 #76-23",3983625367,"",Cartagena,500
TI,682950452,Cliente540 Gómez,1983-03-05 00:00:00,"Avenida 147 #93-41",3842738810,"",Bucaramanga,501
PAS,334021106,Cliente541 Pérez,2004-03-11 00:00:00,"Avenida 48 #73-46",3149290705,cliente541.23@yahoo.com,Cartagena,502
TI,935432787,Cliente542 Méndez,1970-12-13 00:00:00,"Avenida 136 #83-29",3116170466,"",Pereira,503
PAS,562797420,Cliente543 Gómez,1985-04-01 00:00:00,"Calle 138 #28-40",3266335958,cliente543.173@mail.com,Cartagena,504
CC,831596930,Cliente544 Torres,2000-02-02 00:00:00,"Diagonal 148 #61-29",3115795780,cliente544.381@outlook.com,Bogotá,505
PAS,693180019,Cliente546 Torres,1963-07-01 00:00:00,"Avenida 60 #27-14",3951013505,cliente546.340@outlook.com,Cali,506
CE,564590364,Cliente548 Torres,1979-01-21 00:00:00,"Diagonal 30 #54-31",3189320207,"",Pereira,507
CE,357926526,Cliente549 Gómez,1971-05-24 00:00:00,"Avenida 97 #54-31",3627917127,cliente549.722@gmail.com,Cali,508
CC,998670030,Cliente550 Pérez,1971-12-23 00:00:00,"Carrera 77 #71-10",3500711407,cliente550.47@yahoo.com,Barranquilla,509
CC,143747558,Cliente551 Torres,1954-12-10 00:00:00,"Diagonal 132 #62-30",3306433236,cliente551.442@mail.com,Cali,510
TI,315497213,Cliente552 Torres,1985-07-15 00:00:00,"Avenida 95 #44-14",3148331068,cliente552.365@outlook.com,Bogotá,511
CE,803950206,Cliente553 Méndez,2002-10-08 00:00:00,"Avenida 52 #46-19",3415947814,cliente553.377@mail.com,Cali,512
CE,113196208,Cliente555 Méndez,1965-02-04 00:00:00,"Avenida 30 #89-38",3986460413,"",Bogotá,513
CE,900530657,Cliente556 Ramírez,1966-02-16 00:00:00,"Calle 20 #13-46",3671281468,cliente556.479@outlook.com,Cartagena,514
TI,893620789,Cliente557 Pérez,1961-07-27 00:00:00,"Avenida 107 #69-15",3998338636,"",Pereira,515
PAS,346039344,Cliente558 Ramírez,1979-07-20 00:00:00,"Calle 136 #31-15",3359602795,cliente558.128@yahoo.com,Cartagena,516
TI,991968307,Cliente559 Ramírez,2005-07-05 00:00:00,"Diagonal 7 #68-43",3199022164,cliente559.91@gmail.com,Pereira,517
TI,762662405,Cliente560 Gómez,2005-01-07 00:00:00,"Calle 45 #54-29",3561820665,"",Bogotá,518
CE,134745517,Cliente561 Ramírez,1980-05-18 00:00:00,"Avenida 131 #37-49",3417819310,cliente561.132@gmail.com,Bucaramanga,519
TI,411532236,Cliente562 Pérez,1992-04-20 00:00:00,"Carrera 95 #10-31",3152596509,cliente562.728@gmail.com,Bucaramanga,520
TI,528243123,Cliente563 Pérez,1971-08-16 00:00:00,"Calle 65 #37-30",3362110247,cliente563.657@yahoo.com,Cartagena,521
CE,593130320,Cliente564 Méndez,1987-04-23 00:00:00,"Avenida 2 #92-45",3580182867,cliente564.307@mail.com,Barranquilla,522
CC,508857140,Cliente565 Pérez,1984-02-08 00:00:00,"Avenida 148 #6-19",3350220727,"",Bogotá,523
PAS,183078828,Cliente567 Torres,1966-02-12 00:00:00,"Carrera 150 #20-7",3357362665,cliente567.713@gmail.com,Medellín,524
CE,882100522,Cliente568 Gómez,1994-12-04 00:00:00,"Carrera 55 #71-44",3646196433,"",Pereira,525
TI,457038070,Cliente569 Pérez,1950-10-12 00:00:00,"Avenida 56 #66-38",3869114895,"",Barranquilla,526
TI,366537120,Cliente570 Ramírez,1988-02-24 00:00:00,"Calle 57 #73-46",3171370882,cliente570.92@gmail.com,Cartagena,527
TI,223863530,Cliente571 Gómez,1966-01-27 00:00:00,"Avenida 65 #84-9",3964820739,cliente571.802@mail.com,Bucaramanga,528
PAS,349696722,Cliente572 Gómez,2000-05-02 00:00:00,"Diagonal 26 #25-35",3196675467,cliente572.365@yahoo.com,Pereira,529
PAS,399347853,Cliente573 Méndez,1993-03-12 00:00:00,"Avenida 117 #74-33",3369162701,"",Cali,530
TI,321529169,Cliente574 Pérez,1969-08-12 00:00:00,"Avenida 57 #39-35",3808111847,cliente574.550@gmail.com,Pereira,531
TI,917063955,Cliente575 Méndez,1992-05-13 00:00:00,"Carrera 74 #25-1",3467894414,"",Medellín,532
PAS,210954301,Cliente576 Méndez,1971-11-20 00:00:00,"Diagonal 47 #85-25",3123640989,cliente576.865@mail.com,Barranquilla,533
PAS,383563620,Cliente578 Méndez,1951-05-25 00:00:00,"Calle 21 #33-8",3631853214,"",Pereira,534
PAS,624462092,Cliente579 Pérez,2001-02-10 00:00:00,"Diagonal 69 #26-48",3499048203,cliente579.421@mail.com,Pereira,535
CE,901257983,Cliente580 Méndez,1954-08-22 00:00:00,"Calle 53 #13-36",3854021629,cliente580.533@gmail.com,Cali,536
PAS,699494626,Cliente581 Méndez,1991-11-06 00:00:00,"Carrera 12 #42-35",3409535343,cliente581.728@yahoo.com,Barranquilla,537
CC,864541955,Cliente582 Ramírez,1981-01-10 00:00:00,"Avenida 27 #10-9",3733983020,"",Bucaramanga,538
CE,811599634,Cliente583 Gómez,1998-11-06 00:00:00,"Carrera 115 #43-23",3352869068,"",Pereira,539
PAS,625312225,Cliente584 Méndez,2004-09-07 00:00:00,"Avenida 85 #66-35",3311220485,"",Medellín,540
TI,861741402,Cliente585 Torres,1989-05-02 00:00:00,"Carrera 34 #14-44",3354554264,"",Barranquilla,541
CC,997834706,Cliente587 Gómez,1993-09-04 00:00:00,"Diagonal 28 #37-8",3403047059,cliente587.161@gmail.com,Bucaramanga,542
PAS,530594319,Cliente588 Ramírez,1966-03-27 00:00:00,"Calle 41 #49-8",3188492532,cliente588.402@mail.com,Bucaramanga,543
PAS,261672776,Cliente589 Torres,1976-05-24 00:00:00,"Avenida 31 #33-6",3677715047,"",Pereira,544
CE,552955387,Cliente590 Pérez,1958-02-27 00:00:00,"Avenida 126 #57-3",3945004840,cliente590.852@gmail.com,Pereira,545
CE,467309113,Cliente591 Ramírez,1954-03-19 00:00:00,"Calle 52 #79-48",3286383691,"",Medellín,546
CE,930798258,Cliente592 Méndez,1982-03-07 00:00:00,"Carrera 123 #88-23",3211442749,"",Pereira,547
CE,405554458,Cliente597 Ramírez,1965-04-20 00:00:00,"Diagonal 130 #94-6",3159455335,"",Bucaramanga,548
CE,565171453,Cliente598 Méndez,1999-03-11 00:00:00,"Carrera 13 #71-45",3686949582,cliente598.317@yahoo.com,Medellín,549
PAS,436572982,Cliente599 Méndez,1956-01-11 00:00:00,"Carrera 109 #26-48",3375381913,cliente599.108@gmail.com,Cali,550
PAS,147382779,Cliente603 Méndez,1967-01-13 00:00:00,"Calle 41 #4-38",3151917187,cliente603.779@outlook.com,Cali,551
PAS,775377313,Cliente604 Torres,1986-04-24 00:00:00,"Carrera 84 #99-28",3610229404,"",Medellín,552
CE,912830169,Cliente605 Pérez,1973-10-22 00:00:00,"Avenida 1 #78-44",3234583364,cliente605.628@gmail.com,Cartagena,553
PAS,481439293,Cliente606 Méndez,1990-12-24 00:00:00,"Carrera 67 #85-22",3112561045,"",Medellín,554
TI,991409695,Cliente607 Gómez,1959-03-05 00:00:00,"Carrera 122 #5-49",3322591793,cliente607.946@mail.com,Pereira,555
PAS,992268698,Cliente608 Torres,1980-08-18 00:00:00,"Avenida 12 #95-4",3598018123,cliente608.106@gmail.com,Bucaramanga,556
PAS,420825846,Cliente609 Torres,1981-03-27 00:00:00,"Diagonal 137 #20-35",3892768836,cliente609.443@mail.com,Barranquilla,557
CE,588450149,Cliente611 Pérez,1982-10-09 00:00:00,"Calle 120 #96-48",3860077116,"",Bogotá,558
CE,510519549,Cliente612 Ramírez,1978-08-26 00:00:00,"Diagonal 32 #66-9",3839773627,cliente612.368@yahoo.com,Pereira,559
PAS,463526496,Cliente613 Pérez,1987-09-06 00:00:00,"Diagonal 83 #43-4",3853373142,cliente613.941@gmail.com,Cali,560
CE,349931250,Cliente614 Méndez,1970-06-20 00:00:00,"Calle 99 #72-42",3646966731,cliente614.975@outlook.com,Pereira,561
TI,648142148,Cliente615 Torres,1990-07-28 00:00:00,"Avenida 119 #10-2",3844495981,"",Medellín,562
TI,417231597,Cliente616 Torres,1989-11-10 00:00:00,"Avenida 74 #37-42",3540570768,cliente616.213@mail.com,Bogotá,563
TI,364215353,Cliente618 Pérez,1997-08-16 00:00:00,"Calle 5 #16-32",3384966083,"",Medellín,564
PAS,199626559,Cliente619 Torres,1971-08-06 00:00:00,"Calle 122 #7-42",3606835569,"",Medellín,565
PAS,799377807,Cliente620 Torres,1993-06-28 00:00:00,"Avenida 7 #65-22",3373426237,"",Barranquilla,566
CE,376414926,Cliente621 Méndez,2002-01-08 00:00:00,"Diagonal 78 #9-13",3590561480,"",Medellín,567
CC,350010911,Cliente622 Ramírez,1986-02-02 00:00:00,"Carrera 8 #93-25",3833902815,"",Cartagena,568
TI,353328291,Cliente623 Méndez,1952-11-08 00:00:00,"Diagonal 97 #56-24",3464807855,cliente623.684@mail.com,Medellín,569
CE,755617676,Cliente624 Pérez,1969-04-25 00:00:00,"Diagonal 20 #12-11",3479330359,cliente624.106@outlook.com,Medellín,570
CC,126842839,Cliente625 Ramírez,1996-10-04 00:00:00,"Diagonal 138 #56-29",3892322451,cliente625.620@mail.com,Pereira,571
PAS,370442349,Cliente626 Pérez,1997-11-14 00:00:00,"Diagonal 5 #58-36",3629910562,cliente626.378@yahoo.com,Bucaramanga,572
CC,302054027,Cliente627 Torres,1958-08-17 00:00:00,"Avenida 124 #54-2",3595524956,"",Pereira,573
TI,768576385,Cliente628 Méndez,1991-10-25 00:00:00,"Calle 16 #34-14",3378241020,cliente628.484@yahoo.com,Barranquilla,574
CC,373929964,Cliente629 Ramírez,1990-03-25 00:00:00,"Diagonal 86 #11-45",3583256177,"",Pereira,575
TI,770697604,Cliente630 Ramírez,1995-05-26 00:00:00,"Carrera 78 #54-48",3528455571,"",Medellín,576
TI,191242959,Cliente631 Ramírez,1976-08-28 00:00:00,"Avenida 43 #70-10",3908162375,"",Bogotá,577
CC,809887042,Cliente632 Ramírez,1990-06-27 00:00:00,"Avenida 102 #100-17",3711564929,"",Barranquilla,578
CE,528093692,Cliente634 Méndez,1994-09-24 00:00:00,"Avenida 73 #82-11",3967288496,"",Pereira,579
CE,921343937,Cliente636 Pérez,1981-04-26 00:00:00,"Avenida 93 #78-9",3285082169,cliente636.123@yahoo.com,Pereira,580
TI,727969949,Cliente638 Torres,1972-01-18 00:00:00,"Diagonal 89 #64-22",3777986588,cliente638.678@mail.com,Pereira,581
CC,780745246,Cliente639 Pérez,1988-06-07 00:00:00,"Carrera 137 #60-28",3437635402,"",Cali,582
TI,609277020,Cliente640 Torres,1976-01-09 00:00:00,"Calle 134 #80-21",3718030515,"",Bucaramanga,583
CC,243394000,Cliente641 Méndez,1992-12-19 00:00:00,"Diagonal 31 #12-45",3230298777,"",Medellín,584
CC,823326899,Cliente642 Pérez,1997-11-25 00:00:00,"Avenida 46 #48-1",3694947567,"",Cali,585
TI,130561967,Cliente644 Méndez,1953-01-21 00:00:00,"Carrera 150 #36-31",3112640261,"",Medellín,586
PAS,939377223,Cliente645 Ramírez,1951-03-22 00:00:00,"Avenida 68 #53-28",3183456816,cliente645.208@outlook.com,Bucaramanga,587
TI,967805580,Cliente646 Pérez,2001-06-06 00:00:00,"Calle 58 #46-36",3462211435,"",Pereira,588
PAS,513669371,Cliente647 Torres,1988-05-04 00:00:00,"Diagonal 30 #92-43",3593626541,"",Cali,589
PAS,842386352,Cliente650 Ramírez,1958-01-26 00:00:00,"Diagonal 84 #34-12",3788324964,cliente650.688@mail.com,Bogotá,590
PAS,516716969,Cliente651 Ramírez,1982-04-05 00:00:00,"Calle 28 #36-1",3424918156,cliente651.984@gmail.com,Medellín,591
TI,104678074,Cliente652 Ramírez,1973-09-22 00:00:00,"Diagonal 22 #72-3",3503741181,cliente652.50@outlook.com,Medellín,592
CC,359198633,Cliente653 Pérez,1987-06-07 00:00:00,"Diagonal 60 #85-20",3875552752,"",Medellín,593
CC,154126626,Cliente654 Méndez,1950-06-22 00:00:00,"Calle 121 #12-26",3161558550,"",Medellín,594
CE,269078624,Cliente655 Ramírez,1974-09-03 00:00:00,"Carrera 46 #47-38",3190417345,cliente655.584@gmail.com,Medellín,595
CC,146665621,Cliente656 Méndez,2002-10-04 00:00:00,"Diagonal 145 #52-43",3408109642,"",Medellín,596
TI,598093226,Cliente657 Ramírez,1993-08-19 00:00:00,"Diagonal 127 #39-10",3373372659,cliente657.392@mail.com,Bucaramanga,597
TI,421079990,Cliente659 Pérez,1998-06-25 00:00:00,"Avenida 140 #6-6",3320691814,"",Bogotá,598
CE,533231553,Cliente660 Torres,2004-03-28 00:00:00,"Diagonal 79 #68-42",3875452158,cliente660.200@mail.com,Pereira,599
PAS,814042064,Cliente661 Pérez,1982-10-23 00:00:00,"Avenida 25 #71-12",3111660368,"",Bucaramanga,600
PAS,927316954,Cliente662 Pérez,1968-10-10 00:00:00,"Diagonal 40 #73-5",3516380835,"",Cali,601
CE,378547457,Cliente663 Ramírez,1953-09-23 00:00:00,"Calle 140 #96-29",3251859256,"",Barranquilla,602
TI,939305978,Cliente665 Torres,1963-04-08 00:00:00,"Carrera 42 #30-46",3597968981,cliente665.902@gmail.com,Medellín,603
TI,269324196,Cliente666 Pérez,1968-01-21 00:00:00,"Carrera 145 #30-6",3321389350,cliente666.397@gmail.com,Cali,604
CE,917458429,Cliente667 Gómez,1961-01-02 00:00:00,"Calle 84 #81-38",3280190943,cliente667.383@yahoo.com,Cartagena,605
PAS,548661921,Cliente668 Pérez,1969-04-19 00:00:00,"Diagonal 104 #94-48",3951795609,cliente668.322@yahoo.com,Cartagena,606
CE,345428134,Cliente669 Torres,2005-07-26 00:00:00,"Avenida 64 #29-10",3555838263,"",Bogotá,607
PAS,761868297,Cliente670 Gómez,1968-05-06 00:00:00,"Calle 7 #26-8",3835275406,cliente670.50@mail.com,Bogotá,608
CC,560753159,Cliente671 Pérez,1994-12-10 00:00:00,"Carrera 33 #35-50",3730714934,cliente671.301@gmail.com,Barranquilla,609
TI,692628099,Cliente672 Torres,1969-08-12 00:00:00,"Avenida 80 #76-48",3804389880,"",Bogotá,610
CC,207838935,Cliente673 Méndez,2005-03-10 00:00:00,"Avenida 87 #90-26",3293548853,"",Medellín,611
TI,269863731,Cliente674 Pérez,1978-07-03 00:00:00,"Avenida 135 #20-2",3618537430,cliente674.322@outlook.com,Medellín,612
CC,239588671,Cliente676 Pérez,1974-04-09 00:00:00,"Diagonal 130 #88-46",3852576515,"",Cali,613
CC,814190826,Cliente677 Torres,1998-08-11 00:00:00,"Avenida 76 #6-41",3371406388,"",Cali,614
TI,298795336,Cliente678 Gómez,1986-02-21 00:00:00,"Calle 74 #30-39",3724636018,cliente678.436@mail.com,Bucaramanga,615
PAS,878478149,Cliente679 Gómez,2002-09-05 00:00:00,"Diagonal 62 #9-5",3194139619,cliente679.752@yahoo.com,Bogotá,616
CC,105848768,Cliente680 Ramírez,1965-11-20 00:00:00,"Avenida 53 #64-36",3838557442,"",Cali,617
CC,869978478,Cliente683 Méndez,1970-03-01 00:00:00,"Avenida 101 #84-21",3554778274,"",Pereira,618
TI,534131465,Cliente684 Méndez,1989-07-07 00:00:00,"Avenida 103 #88-8",3807355925,cliente684.742@gmail.com,Pereira,619
CE,552499687,Cliente685 Torres,1955-06-14 00:00:00,"Avenida 11 #79-10",3493578114,"",Cali,620
CE,966840006,Cliente686 Pérez,2005-02-15 00:00:00,"Carrera 40 #52-43",3428682969,"",Bucaramanga,621
PAS,432823399,Cliente687 Ramírez,1950-11-21 00:00:00,"Carrera 91 #53-19",3192334352,"",Pereira,622
CC,165037974,Cliente688 Pérez,1953-07-18 00:00:00,"Diagonal 61 #15-15",3181073618,cliente688.264@gmail.com,Pereira,623
PAS,997147470,Cliente689 Méndez,1989-01-09 00:00:00,"Carrera 54 #78-28",3552589953,cliente689.755@yahoo.com,Cartagena,624
PAS,742430982,Cliente690 Ramírez,1961-12-04 00:00:00,"Avenida 51 #25-47",3820955953,cliente690.692@yahoo.com,Pereira,625
CC,129963135,Cliente691 Ramírez,1964-03-28 00:00:00,"Calle 82 #26-32",3478495589,"",Medellín,626
CE,626462244,Cliente692 Ramírez,1957-02-06 00:00:00,"Diagonal 125 #48-23",3557299175,"",Cali,627
CC,350083282,Cliente693 Ramírez,1984-01-17 00:00:00,"Diagonal 31 #42-39",3404731711,cliente693.865@mail.com,Pereira,628
CE,563021038,Cliente694 Ramírez,2004-02-24 00:00:00,"Avenida 53 #91-20",3273722807,cliente694.989@mail.com,Medellín,629
PAS,513425801,Cliente695 Torres,1992-02-24 00:00:00,"Calle 138 #43-7",3107757897,"",Pereira,630
PAS,902884179,Cliente696 Méndez,1954-06-08 00:00:00,"Carrera 144 #60-5",3842115854,cliente696.211@mail.com,Cartagena,631
PAS,319127893,Cliente697 Méndez,1973-10-19 00:00:00,"Avenida 147 #53-40",3917666774,cliente697.294@mail.com,Bogotá,632
CE,574467859,Cliente698 Torres,1994-01-10 00:00:00,"Diagonal 42 #85-9",3496279280,cliente698.110@mail.com,Bucaramanga,633
CC,769986047,Cliente699 Torres,1986-08-09 00:00:00,"Avenida 33 #18-17",3897081497,cliente699.684@mail.com,Barranquilla,634
CE,459863795,Cliente700 Torres,1990-06-28 00:00:00,"Avenida 18 #42-7",3429251648,cliente700.597@gmail.com,Cali,635
PAS,448035335,Cliente701 Pérez,1976-09-15 00:00:00,"Carrera 74 #36-29",3968437347,cliente701.961@mail.com,Bogotá,636
CC,423327079,Cliente702 Méndez,1962-07-26 00:00:00,"Carrera 118 #99-30",3270486512,"",Bogotá,637
CC,629539129,Cliente703 Gómez,1975-03-12 00:00:00,"Calle 52 #8-5",3240768090,cliente703.109@yahoo.com,Cali,638
CC,427481448,Cliente704 Pérez,1973-06-04 00:00:00,"Diagonal 4 #25-13",3610372032,cliente704.994@yahoo.com,Cali,639
TI,692332309,Cliente705 Gómez,1985-10-16 00:00:00,"Calle 112 #33-13",3976180178,"",Bucaramanga,640
PAS,340097298,Cliente706 Gómez,1979-07-14 00:00:00,"Diagonal 14 #82-36",3495853799,"",Pereira,641
PAS,380926698,Cliente707 Gómez,1971-05-13 00:00:00,"Diagonal 1 #16-28",3610302474,"",Barranquilla,642
TI,183427312,Cliente708 Méndez,1993-05-14 00:00:00,"Carrera 118 #31-37",3411155051,cliente708.725@gmail.com,Barranquilla,643
CE,711357379,Cliente709 Méndez,1973-04-26 00:00:00,"Calle 80 #71-50",3924777246,cliente709.904@yahoo.com,Medellín,644
CC,515515385,Cliente711 Ramírez,1971-06-15 00:00:00,"Calle 134 #7-19",3677727020,"",Medellín,645
TI,778139898,Cliente712 Méndez,1959-01-27 00:00:00,"Carrera 35 #51-29",3461017137,"",Medellín,646
CC,656976038,Cliente713 Pérez,1988-06-02 00:00:00,"Carrera 14 #95-10",3964087687,"",Bucaramanga,647
TI,565861385,Cliente715 Pérez,1966-12-04 00:00:00,"Diagonal 104 #49-42",3194972450,"",Bucaramanga,648
PAS,560783901,Cliente716 Gómez,1951-04-16 00:00:00,"Avenida 59 #62-22",3512662831,cliente716.663@gmail.com,Bogotá,649
TI,687641139,Cliente717 Ramírez,2000-09-01 00:00:00,"Avenida 24 #65-24",3685721152,"",Cali,650
CC,582081137,Cliente718 Pérez,1994-09-22 00:00:00,"Avenida 28 #13-42",3398868749,"",Cartagena,651
TI,111590142,Cliente719 Méndez,1990-01-03 00:00:00,"Diagonal 118 #64-3",3916684718,"",Barranquilla,652
TI,116361950,Cliente720 Méndez,1990-11-22 00:00:00,"Diagonal 32 #99-29",3337327638,"",Bogotá,653
PAS,865846139,Cliente721 Torres,1971-08-01 00:00:00,"Avenida 92 #66-38",3938433896,"",Pereira,654
CE,649700877,Cliente722 Méndez,1958-01-12 00:00:00,"Diagonal 60 #16-6",3853887850,"",Medellín,655
PAS,806193746,Cliente723 Méndez,1999-10-26 00:00:00,"Calle 105 #27-40",3279740679,cliente723.618@outlook.com,Cali,656
TI,720222262,Cliente724 Torres,1997-07-04 00:00:00,"Carrera 72 #4-19",3428063217,cliente724.669@gmail.com,Medellín,657
TI,734529502,Cliente725 Torres,1967-11-15 00:00:00,"Calle 14 #39-23",3849025031,cliente725.533@yahoo.com,Bogotá,658
CE,855538865,Cliente726 Méndez,1988-11-17 00:00:00,"Carrera 36 #22-37",3801740365,"",Cali,659
TI,499947025,Cliente728 Pérez,1968-11-10 00:00:00,"Calle 11 #32-34",3427588000,cliente728.415@outlook.com,Cartagena,660
CE,114718399,Cliente729 Pérez,1995-03-08 00:00:00,"Avenida 68 #86-45",3518126699,"",Barranquilla,661
CE,320182527,Cliente730 Gómez,2002-05-27 00:00:00,"Calle 85 #17-9",3423128186,cliente730.445@gmail.com,Pereira,662
PAS,747677733,Cliente732 Gómez,1999-11-01 00:00:00,"Carrera 13 #14-18",3366701294,cliente732.625@outlook.com,Barranquilla,663
CE,697037631,Cliente733 Torres,1993-02-10 00:00:00,"Diagonal 89 #61-21",3249594060,"",Bogotá,664
CE,538344278,Cliente734 Pérez,1980-05-02 00:00:00,"Calle 139 #3-1",3880192166,"",Cartagena,665
PAS,530969125,Cliente735 Torres,1982-06-08 00:00:00,"Avenida 20 #55-35",3176407223,"",Cartagena,666
TI,752577852,Cliente736 Torres,2005-11-23 00:00:00,"Calle 52 #11-19",3592801429,"",Barranquilla,667
CC,963425928,Cliente737 Méndez,1987-02-19 00:00:00,"Diagonal 10 #39-17",3176444613,"",Barranquilla,668
CC,397368244,Cliente738 Pérez,1985-09-26 00:00:00,"Diagonal 105 #1-20",3676450073,"",Bogotá,669
CE,413629691,Cliente739 Gómez,1988-10-04 00:00:00,"Calle 86 #100-45",3407174857,cliente739.10@gmail.com,Medellín,670
PAS,145986880,Cliente740 Torres,1983-12-24 00:00:00,"Avenida 118 #14-28",3196663592,cliente740.666@gmail.com,Cali,671
CC,877331439,Cliente741 Ramírez,2002-04-25 00:00:00,"Avenida 6 #2-18",3929270924,cliente741.93@gmail.com,Bogotá,672
CE,270151281,Cliente743 Pérez,2004-10-18 00:00:00,"Avenida 6 #83-9",3491243902,cliente743.606@gmail.com,Bucaramanga,673
TI,543460626,Cliente744 Ramírez,1957-06-28 00:00:00,"Avenida 18 #82-8",3624673882,"",Barranquilla,674
PAS,186898338,Cliente745 Méndez,1955-01-20 00:00:00,"Carrera 99 #36-4",3880899362,cliente745.9@yahoo.com,Cali,675
PAS,667805668,Cliente746 Méndez,1972-12-11 00:00:00,"Avenida 30 #48-25",3817303686,cliente746.448@gmail.com,Cartagena,676
CE,448789391,Cliente748 Ramírez,2004-11-12 00:00:00,"Carrera 20 #3-6",3862830528,cliente748.932@outlook.com,Cartagena,677
CC,512473463,Cliente749 Ramírez,1966-08-11 00:00:00,"Calle 49 #98-42",3203849029,"",Cartagena,678
CE,369945537,Cliente750 Torres,1951-12-10 00:00:00,"Avenida 122 #25-8",3734001726,"",Medellín,679
TI,664727269,Cliente751 Ramírez,1971-04-21 00:00:00,"Diagonal 9 #34-27",3657574377,cliente751.405@mail.com,Cartagena,680
TI,885192036,Cliente752 Ramírez,1965-09-13 00:00:00,"Avenida 79 #48-2",3416464421,cliente752.417@mail.com,Barranquilla,681
PAS,675946656,Cliente753 Gómez,1950-01-06 00:00:00,"Avenida 14 #38-13",3583674791,"",Bucaramanga,682
CE,600414962,Cliente754 Gómez,1968-05-17 00:00:00,"Avenida 142 #92-49",3886334298,"",Pereira,683
CE,479459147,Cliente755 Méndez,1988-05-07 00:00:00,"Carrera 56 #91-32",3904417415,"",Medellín,684
PAS,228554860,Cliente756 Pérez,1997-05-22 00:00:00,"Carrera 94 #77-13",3953643944,cliente756.171@mail.com,Barranquilla,685
CE,414331375,Cliente757 Méndez,1976-08-11 00:00:00,"Diagonal 14 #11-8",3910307486,"",Pereira,686
CE,443496687,Cliente759 Torres,1964-01-18 00:00:00,"Avenida 123 #78-34",3990597604,cliente759.743@mail.com,Cali,687
CC,271430429,Cliente760 Torres,1992-05-13 00:00:00,"Diagonal 109 #5-24",3183375761,cliente760.152@mail.com,Cali,688
PAS,849098300,Cliente761 Pérez,2004-08-19 00:00:00,"Calle 81 #28-8",3485629846,"",Barranquilla,689
CE,370052311,Cliente762 Torres,2003-12-05 00:00:00,"Avenida 68 #40-34",3558291632,"",Medellín,690
PAS,220325388,Cliente763 Méndez,1952-07-06 00:00:00,"Avenida 106 #26-14",3138192291,"",Cali,691
PAS,422413185,Cliente764 Gómez,1970-11-24 00:00:00,"Calle 86 #28-2",3859689314,cliente764.235@mail.com,Barranquilla,692
CE,990934829,Cliente765 Ramírez,1978-02-26 00:00:00,"Carrera 65 #72-48",3116312986,cliente765.300@gmail.com,Pereira,693
PAS,521484380,Cliente766 Ramírez,2005-01-13 00:00:00,"Diagonal 74 #41-10",3512428132,"",Cali,694
TI,701523136,Cliente767 Ramírez,1974-11-17 00:00:00,"Avenida 23 #66-11",3266079994,"",Medellín,695
TI,968946345,Cliente768 Torres,1975-08-28 00:00:00,"Carrera 150 #100-45",3315825318,"",Medellín,696
CC,241909672,Cliente769 Méndez,1982-06-15 00:00:00,"Avenida 68 #54-20",3729417682,cliente769.771@gmail.com,Barranquilla,697
CE,304379680,Cliente770 Torres,1993-11-05 00:00:00,"Avenida 28 #16-37",3210306158,cliente770.181@outlook.com,Bucaramanga,698
PAS,929091384,Cliente771 Méndez,1953-11-24 00:00:00,"Avenida 22 #42-6",3823903628,cliente771.164@mail.com,Barranquilla,699
PAS,714217850,Cliente772 Ramírez,1984-10-14 00:00:00,"Avenida 78 #77-14",3245156914,cliente772.845@yahoo.com,Bogotá,700
CC,223060920,Cliente773 Ramírez,1968-06-18 00:00:00,"Carrera 55 #42-12",3462068210,cliente773.212@outlook.com,Cartagena,701
CC,333697920,Cliente774 Ramírez,1998-10-08 00:00:00,"Diagonal 86 #34-1",3883738137,"",Cartagena,702
TI,544668616,Cliente776 Ramírez,2000-08-07 00:00:00,"Avenida 56 #48-39",3875001714,"",Pereira,703
PAS,748030799,Cliente778 Gómez,1988-10-02 00:00:00,"Calle 14 #96-37",3256503897,"",Bogotá,704
TI,945730296,Cliente779 Gómez,1994-08-06 00:00:00,"Diagonal 118 #90-21",3526939822,cliente779.384@gmail.com,Bucaramanga,705
PAS,192003568,Cliente780 Gómez,2000-03-04 00:00:00,"Avenida 131 #56-5",3511147883,"",Pereira,706
TI,498809933,Cliente782 Pérez,1982-02-21 00:00:00,"Calle 134 #94-33",3850875047,"",Bucaramanga,707
PAS,376386903,Cliente783 Ramírez,1966-08-26 00:00:00,"Calle 144 #43-15",3904729395,"",Barranquilla,708
PAS,644697776,Cliente784 Torres,1984-02-28 00:00:00,"Diagonal 5 #47-33",3781395639,"",Cali,709
PAS,465504219,Cliente785 Ramírez,1988-03-27 00:00:00,"Carrera 91 #53-18",3907178923,cliente785.670@mail.com,Bucaramanga,710
PAS,430931829,Cliente786 Pérez,1958-07-15 00:00:00,"Avenida 63 #19-31",3228159138,"",Bogotá,711
CE,930876709,Cliente787 Pérez,1959-11-21 00:00:00,"Carrera 114 #78-50",3358920706,"",Bucaramanga,712
TI,547743951,Cliente788 Torres,1977-03-06 00:00:00,"Avenida 126 #73-46",3858817189,cliente788.998@yahoo.com,Cali,713
CE,524798038,Cliente789 Méndez,1994-12-23 00:00:00,"Calle 132 #24-19",3572071724,cliente789.3@mail.com,Cali,714
CE,403026800,Cliente790 Ramírez,1960-11-05 00:00:00,"Diagonal 146 #23-12",3832121600,"",Bucaramanga,715
CE,450819267,Cliente791 Méndez,2004-09-17 00:00:00,"Carrera 150 #57-42",3479131705,"",Medellín,716
PAS,506851543,Cliente793 Gómez,1994-01-23 00:00:00,"Diagonal 117 #48-40",3412259153,"",Bucaramanga,717
PAS,346655546,Cliente794 Méndez,2005-02-28 00:00:00,"Calle 73 #10-22",3625596575,"",Bucaramanga,718
TI,320529491,Cliente795 Ramírez,1986-04-01 00:00:00,"Calle 99 #45-42",3964032981,"",Bucaramanga,719
CC,796525841,Cliente796 Pérez,1972-07-01 00:00:00,"Calle 60 #84-48",3851081349,cliente796.478@mail.com,Pereira,720
TI,224167513,Cliente797 Pérez,1950-12-22 00:00:00,"Calle 57 #71-31",3531757825,"",Bucaramanga,721
CC,802618822,Cliente798 Ramírez,1985-03-17 00:00:00,"Avenida 13 #96-42",3102336506,cliente798.15@gmail.com,Bogotá,722
CC,832245609,Cliente799 Pérez,1958-01-15 00:00:00,"Avenida 75 #44-2",3552010276,cliente799.492@yahoo.com,Pereira,723
PAS,392057331,Cliente800 Torres,1955-11-15 00:00:00,"Carrera 142 #21-37",3929282266,"",Medellín,724
CE,414223822,Cliente802 Méndez,1962-03-18 00:00:00,"Calle 58 #88-36",3700961929,cliente802.567@mail.com,Bogotá,725
PAS,195128859,Cliente803 Torres,1956-03-19 00:00:00,"Diagonal 37 #75-7",3315614642,cliente803.294@yahoo.com,Medellín,726
TI,919518534,Cliente804 Torres,1950-12-22 00:00:00,"Carrera 29 #99-4",3588494870,"",Pereira,727
PAS,606564603,Cliente805 Torres,2003-11-25 00:00:00,"Calle 118 #32-22",3104799933,"",Cali,728
PAS,616945052,Cliente806 Pérez,1978-09-24 00:00:00,"Calle 112 #88-29",3361976266,cliente806.693@gmail.com,Cartagena,729
TI,492417760,Cliente807 Méndez,1992-03-28 00:00:00,"Diagonal 125 #56-11",3841234008,cliente807.383@yahoo.com,Barranquilla,730
PAS,312293548,Cliente808 Ramírez,1993-01-09 00:00:00,"Avenida 49 #7-35",3969546540,cliente808.526@gmail.com,Medellín,731
CE,681547415,Cliente809 Gómez,1951-05-25 00:00:00,"Carrera 99 #46-44",3959168569,"",Cali,732
CC,342132404,Cliente811 Gómez,1990-01-26 00:00:00,"Carrera 113 #97-35",3898202961,"",Bucaramanga,733
PAS,843105426,Cliente813 Torres,1968-02-03 00:00:00,"Avenida 22 #39-9",3533401959,cliente813.612@mail.com,Bucaramanga,734
PAS,676040932,Cliente814 Torres,1981-09-07 00:00:00,"Diagonal 53 #49-28",3948117884,cliente814.274@mail.com,Bogotá,735
CC,777865432,Cliente815 Torres,1972-04-13 00:00:00,"Carrera 83 #31-22",3888906176,"",Medellín,736
CE,965734597,Cliente816 Gómez,1978-12-23 00:00:00,"Diagonal 19 #30-36",3538165663,cliente816.715@gmail.com,Bogotá,737
CE,792389458,Cliente818 Pérez,1966-07-22 00:00:00,"Calle 129 #29-11",3360546183,"",Bogotá,738
CC,765697188,Cliente819 Méndez,1950-07-21 00:00:00,"Avenida 60 #32-50",3476299302,cliente819.789@gmail.com,Bogotá,739
CE,678205735,Cliente820 Pérez,1973-02-04 00:00:00,"Calle 73 #24-24",3214520687,cliente820.726@gmail.com,Barranquilla,740
TI,280743582,Cliente821 Méndez,1962-11-25 00:00:00,"Avenida 88 #10-3",3549504376,cliente821.550@gmail.com,Barranquilla,741
PAS,587493979,Cliente822 Ramírez,1968-11-24 00:00:00,"Diagonal 12 #9-14",3653306098,cliente822.381@outlook.com,Bogotá,742
CE,940408221,Cliente823 Pérez,1998-11-24 00:00:00,"Avenida 29 #90-21",3709716793,cliente823.278@gmail.com,Cali,743
CE,899484246,Cliente825 Pérez,1956-04-23 00:00:00,"Calle 15 #40-33",3515641817,"",Bucaramanga,744
PAS,401656948,Cliente826 Torres,1977-12-02 00:00:00,"Carrera 99 #14-6",3681615585,cliente826.736@outlook.com,Cartagena,745
TI,936914487,Cliente827 Méndez,1960-02-28 00:00:00,"Carrera 143 #55-28",3720119540,cliente827.353@yahoo.com,Cartagena,746
TI,664907150,Cliente828 Torres,1951-10-04 00:00:00,"Carrera 65 #41-33",3180986725,cliente828.975@mail.com,Bucaramanga,747
CE,891570164,Cliente829 Torres,1976-10-03 00:00:00,"Calle 88 #39-28",3908457416,"",Pereira,748
CE,873557848,Cliente830 Pérez,1979-01-01 00:00:00,"Diagonal 122 #89-29",3736866076,cliente830.279@mail.com,Bucaramanga,749
CC,591163613,Cliente831 Ramírez,1997-02-19 00:00:00,"Calle 62 #66-34",3819230201,cliente831.991@mail.com,Cali,750
TI,888228466,Cliente832 Ramírez,1956-08-12 00:00:00,"Calle 5 #76-7",3514960945,"",Bucaramanga,751
CC,175658064,Cliente833 Gómez,1954-07-09 00:00:00,"Carrera 28 #2-42",3881761770,cliente833.239@mail.com,Bucaramanga,752
CC,167346849,Cliente836 Pérez,1976-06-13 00:00:00,"Diagonal 115 #16-14",3986202538,"",Medellín,753
PAS,587244929,Cliente837 Ramírez,1979-03-01 00:00:00,"Carrera 111 #12-41",3547090428,"",Bucaramanga,754
PAS,472259209,Cliente838 Méndez,1970-10-19 00:00:00,"Carrera 135 #12-22",3349447256,cliente838.795@gmail.com,Cali,755
CE,866035798,Cliente839 Torres,2004-09-25 00:00:00,"Calle 94 #88-11",3451217785,"",Cali,756
PAS,978817777,Cliente840 Torres,1951-03-09 00:00:00,"Calle 40 #76-13",3446774690,cliente840.395@outlook.com,Barranquilla,757
TI,252147638,Cliente841 Pérez,1960-08-08 00:00:00,"Diagonal 63 #31-47",3757998146,cliente841.698@outlook.com,Pereira,758
PAS,398114678,Cliente842 Pérez,1978-09-22 00:00:00,"Carrera 46 #10-37",3327810305,"",Medellín,759
CC,346019585,Cliente843 Ramírez,1992-11-11 00:00:00,"Avenida 76 #8-11",3616347745,"",Cali,760
TI,566372562,Cliente845 Torres,1977-08-08 00:00:00,"Avenida 36 #53-40",3707865112,"",Bucaramanga,761
CE,763913221,Cliente846 Ramírez,1977-10-01 00:00:00,"Calle 19 #27-13",3453013910,cliente846.525@outlook.com,Cartagena,762
PAS,707793908,Cliente847 Méndez,2005-08-15 00:00:00,"Carrera 49 #27-33",3264937034,"",Cali,763
CE,243647971,Cliente849 Ramírez,1979-10-21 00:00:00,"Carrera 67 #88-39",3865517679,"",Medellín,764
CC,882345898,Cliente850 Ramírez,1957-01-02 00:00:00,"Carrera 45 #99-39",3182479300,"",Cali,765
PAS,221125236,Cliente851 Torres,1952-01-24 00:00:00,"Diagonal 52 #85-35",3314672465,"",Pereira,766
CC,239025044,Cliente852 Gómez,2000-03-20 00:00:00,"Carrera 111 #50-48",3523170986,"",Cali,767
TI,119602085,Cliente853 Pérez,1994-09-28 00:00:00,"Calle 143 #21-12",3449852038,cliente853.269@yahoo.com,Medellín,768
CE,947041298,Cliente854 Gómez,1983-11-11 00:00:00,"Carrera 115 #16-26",3752894382,cliente854.842@outlook.com,Cartagena,769
PAS,920797995,Cliente855 Pérez,1982-03-08 00:00:00,"Carrera 104 #17-12",3665885189,cliente855.418@mail.com,Pereira,770
CE,771839642,Cliente856 Ramírez,1991-09-02 00:00:00,"Avenida 57 #54-2",3430595737,"",Bogotá,771
CC,191876009,Cliente857 Méndez,1989-08-12 00:00:00,"Calle 143 #50-9",3316472230,cliente857.910@mail.com,Bogotá,772
CC,689401639,Cliente858 Méndez,1957-12-28 00:00:00,"Diagonal 68 #29-27",3610378729,cliente858.223@yahoo.com,Cartagena,773
CE,101040880,Cliente859 Torres,1970-02-03 00:00:00,"Carrera 66 #30-28",3303789648,cliente859.74@outlook.com,Barranquilla,774
TI,628689633,Cliente860 Pérez,1956-08-25 00:00:00,"Calle 85 #87-37",3800465817,"",Barranquilla,775
CE,882022138,Cliente861 Gómez,1951-02-19 00:00:00,"Carrera 108 #40-32",3556304420,cliente861.800@mail.com,Bogotá,776
CE,159586587,Cliente862 Ramírez,1953-11-09 00:00:00,"Calle 84 #73-2",3196811546,cliente862.925@outlook.com,Bogotá,777
PAS,540448323,Cliente863 Torres,1993-03-23 00:00:00,"Carrera 118 #13-17",3961066073,"",Bucaramanga,778
PAS,820934377,Cliente864 Méndez,1975-06-12 00:00:00,"Avenida 58 #46-20",3659252921,cliente864.554@yahoo.com,Bogotá,779
CE,815762409,Cliente865 Ramírez,2003-01-13 00:00:00,"Avenida 76 #56-34",3393361524,"",Cartagena,780
CE,676637373,Cliente866 Gómez,1991-07-01 00:00:00,"Carrera 144 #24-42",3812912627,cliente866.946@mail.com,Bucaramanga,781
PAS,428714983,Cliente867 Torres,1963-07-26 00:00:00,"Calle 117 #95-9",3850621812,cliente867.234@yahoo.com,Barranquilla,782
PAS,619968009,Cliente868 Gómez,1982-02-21 00:00:00,"Avenida 74 #55-32",3129751381,cliente868.31@yahoo.com,Bogotá,783
CE,328630524,Cliente869 Pérez,1964-10-25 00:00:00,"Carrera 23 #65-10",3136431884,cliente869.555@outlook.com,Bucaramanga,784
CC,102134470,Cliente870 Gómez,1977-11-18 00:00:00,"Carrera 28 #51-6",3687206978,cliente870.387@mail.com,Bucaramanga,785
CC,561363116,Cliente871 Ramírez,1955-01-15 00:00:00,"Diagonal 117 #58-36",3598604740,cliente871.240@outlook.com,Cali,786
CE,431467056,Cliente872 Pérez,1999-07-14 00:00:00,"Avenida 1 #44-23",3717992794,cliente872.360@gmail.com,Cartagena,787
CC,978243538,Cliente873 Torres,2002-10-09 00:00:00,"Carrera 83 #22-41",3432887411,cliente873.896@gmail.com,Cartagena,788
PAS,462153807,Cliente874 Méndez,1957-10-12 00:00:00,"Avenida 14 #76-42",3683060251,"",Medellín,789
PAS,610669736,Cliente875 Méndez,1958-11-22 00:00:00,"Avenida 85 #8-12",3240673413,"",Cali,790
CC,392968167,Cliente876 Pérez,1965-06-27 00:00:00,"Diagonal 84 #34-41",3997055813,"",Cali,791
CC,797690357,Cliente877 Méndez,1960-01-18 00:00:00,"Avenida 17 #44-19",3647353391,"",Cali,792
CE,539854722,Cliente878 Gómez,1977-01-05 00:00:00,"Diagonal 5 #53-50",3817711423,"",Cali,793
CE,823410637,Cliente879 Pérez,1983-09-01 00:00:00,"Avenida 102 #64-11",3579833533,"",Cartagena,794
PAS,701428063,Cliente880 Méndez,2000-04-18 00:00:00,"Diagonal 92 #90-1",3981165529,"",Bogotá,795
PAS,555707854,Cliente881 Torres,1997-10-20 00:00:00,"Diagonal 36 #7-4",3145365792,"",Bogotá,796
CC,307107697,Cliente882 Pérez,1964-12-22 00:00:00,"Avenida 4 #95-46",3877902871,cliente882.541@outlook.com,Bogotá,797
CC,136931168,Cliente883 Ramírez,1985-03-21 00:00:00,"Avenida 148 #96-23",3311490150,"",Bucaramanga,798
PAS,640604648,Cliente884 Ramírez,1956-07-01 00:00:00,"Avenida 6 #17-5",3284643427,"",Pereira,799
TI,490231183,Cliente885 Gómez,1975-03-13 00:00:00,"Diagonal 111 #21-33",3666108559,cliente885.8@mail.com,Bogotá,800
TI,480932201,Cliente886 Ramírez,1987-06-21 00:00:00,"Carrera 55 #90-42",3528601016,cliente886.234@outlook.com,Cali,801
TI,472973553,Cliente887 Pérez,1974-12-07 00:00:00,"Diagonal 71 #10-9",3805571779,cliente887.462@outlook.com,Pereira,802
TI,601106036,Cliente888 Ramírez,1956-05-03 00:00:00,"Diagonal 8 #7-15",3801274917,"",Bogotá,803
TI,365515661,Cliente889 Gómez,1989-08-06 00:00:00,"Avenida 123 #42-14",3846464271,cliente889.10@gmail.com,Cartagena,804
TI,195397058,Cliente890 Torres,2003-05-06 00:00:00,"Avenida 130 #68-7",3454620182,cliente890.371@gmail.com,Pereira,805
CC,329291763,Cliente891 Gómez,2005-05-08 00:00:00,"Calle 28 #8-41",3452385641,"",Bucaramanga,806
CC,224735890,Cliente892 Gómez,1972-02-21 00:00:00,"Diagonal 102 #24-17",3983119517,"",Bucaramanga,807
TI,831955566,Cliente893 Ramírez,1998-08-26 00:00:00,"Avenida 143 #58-30",3961345799,cliente893.375@mail.com,Barranquilla,808
CE,444421097,Cliente894 Torres,1964-09-23 00:00:00,"Diagonal 72 #20-42",3135505142,cliente894.522@mail.com,Pereira,809
PAS,289971749,Cliente895 Torres,1995-01-25 00:00:00,"Diagonal 74 #80-27",3206896448,cliente895.60@outlook.com,Bogotá,810
CC,522906900,Cliente898 Ramírez,1968-04-12 00:00:00,"Diagonal 21 #51-18",3108013689,cliente898.875@gmail.com,Bogotá,811
TI,587159075,Cliente899 Méndez,1962-12-08 00:00:00,"Calle 15 #98-4",3163803868,cliente899.407@outlook.com,Cartagena,812
CE,180315869,Cliente901 Méndez,1999-09-08 00:00:00,"Diagonal 19 #30-48",3240546519,"",Bucaramanga,813
TI,262700819,Cliente902 Pérez,1975-05-09 00:00:00,"Carrera 137 #18-12",3221999893,cliente902.525@mail.com,Bucaramanga,814
PAS,893995661,Cliente903 Méndez,1977-02-26 00:00:00,"Diagonal 150 #28-31",3636502854,"",Bucaramanga,815
CC,791732886,Cliente904 Pérez,1984-07-24 00:00:00,"Diagonal 88 #33-41",3844114585,cliente904.893@mail.com,Cartagena,816
TI,930308014,Cliente905 Méndez,2001-05-22 00:00:00,"Carrera 63 #49-4",3266503040,cliente905.884@yahoo.com,Bogotá,817
TI,251525103,Cliente906 Torres,1967-07-12 00:00:00,"Calle 67 #37-48",3328434366,"",Bucaramanga,818
TI,691646608,Cliente908 Pérez,1957-02-08 00:00:00,"Carrera 17 #96-35",3797018627,cliente908.753@yahoo.com,Bogotá,819
PAS,642214417,Cliente909 Pérez,1969-03-12 00:00:00,"Carrera 19 #44-50",3454116676,"",Bucaramanga,820
CC,749032344,Cliente910 Torres,1994-06-28 00:00:00,"Calle 62 #12-3",3504805090,cliente910.953@yahoo.com,Barranquilla,821
PAS,155302923,Cliente911 Gómez,1976-05-01 00:00:00,"Carrera 32 #3-1",3687286797,cliente911.769@gmail.com,Cali,822
CC,565602912,Cliente912 Pérez,1961-10-11 00:00:00,"Diagonal 115 #73-49",3444114840,cliente912.960@outlook.com,Medellín,823
CE,880782321,Cliente913 Pérez,1987-12-12 00:00:00,"Carrera 73 #30-39",3679894246,cliente913.447@outlook.com,Cali,824
TI,246108113,Cliente914 Torres,2005-02-21 00:00:00,"Avenida 45 #78-44",3784293089,cliente914.100@outlook.com,Cartagena,825
CC,330432878,Cliente915 Méndez,1973-04-09 00:00:00,"Calle 80 #2-24",3929386066,cliente915.541@yahoo.com,Medellín,826
CE,888062011,Cliente916 Gómez,2000-08-14 00:00:00,"Avenida 35 #96-47",3510126749,"",Bucaramanga,827
PAS,851151088,Cliente917 Méndez,2001-07-13 00:00:00,"Calle 102 #13-42",3588372420,cliente917.493@yahoo.com,Pereira,828
CE,483146998,Cliente918 Méndez,2001-10-07 00:00:00,"Carrera 95 #4-44",3840806263,cliente918.764@gmail.com,Bucaramanga,829
CC,618760733,Cliente919 Pérez,1979-11-05 00:00:00,"Carrera 88 #87-27",3217172723,"",Medellín,830
PAS,381549391,Cliente920 Ramírez,2002-04-10 00:00:00,"Avenida 45 #76-16",3667765147,cliente920.730@mail.com,Cali,831
PAS,883978660,Cliente921 Torres,1957-12-19 00:00:00,"Diagonal 36 #51-4",3250382299,"",Cartagena,832
TI,547104885,Cliente923 Méndez,1976-01-27 00:00:00,"Carrera 118 #74-36",3272944276,"",Bucaramanga,833
CE,811946028,Cliente924 Torres,1959-09-08 00:00:00,"Calle 97 #58-35",3778378796,"",Bucaramanga,834
PAS,986814052,Cliente925 Ramírez,1965-12-04 00:00:00,"Calle 110 #81-3",3577015403,"",Bogotá,835
CE,756864527,Cliente926 Pérez,1997-02-17 00:00:00,"Avenida 36 #82-47",3308818649,cliente926.827@outlook.com,Cartagena,836
CE,475517313,Cliente927 Ramírez,1991-12-19 00:00:00,"Avenida 38 #69-2",3115283466,"",Cali,837
CE,234522695,Cliente928 Torres,1967-05-21 00:00:00,"Calle 17 #22-17",3164046541,"",Bucaramanga,838
CE,210723511,Cliente929 Ramírez,1964-07-17 00:00:00,"Avenida 37 #96-50",3609242054,"",Barranquilla,839
CE,837588491,Cliente930 Méndez,1960-12-07 00:00:00,"Diagonal 130 #31-38",3688793885,cliente930.936@mail.com,Pereira,840
TI,231705325,Cliente932 Torres,1967-05-02 00:00:00,"Diagonal 126 #91-18",3122503869,"",Barranquilla,841
TI,651900875,Cliente933 Gómez,1993-01-05 00:00:00,"Diagonal 70 #31-41",3597653104,cliente933.316@mail.com,Bucaramanga,842
CC,290315205,Cliente934 Torres,1986-08-12 00:00:00,"Calle 25 #60-9",3102816259,cliente934.447@yahoo.com,Medellín,843
CE,250225460,Cliente935 Torres,1985-07-04 00:00:00,"Avenida 62 #8-15",3130340842,"",Bucaramanga,844
CE,680541500,Cliente936 Pérez,1975-07-05 00:00:00,"Diagonal 127 #31-12",3815465694,cliente936.28@mail.com,Pereira,845
TI,686076351,Cliente937 Gómez,1971-07-05 00:00:00,"Carrera 53 #45-1",3228493999,"",Medellín,846
PAS,742970001,Cliente938 Gómez,1973-02-02 00:00:00,"Diagonal 113 #41-3",3825280090,"",Bucaramanga,847
CC,107736566,Cliente939 Ramírez,1971-06-28 00:00:00,"Carrera 23 #8-4",3795749213,cliente939.356@gmail.com,Medellín,848
CE,740641766,Cliente940 Méndez,1989-04-08 00:00:00,"Avenida 150 #47-7",3565900730,"",Bucaramanga,849
PAS,450504454,Cliente941 Torres,1971-03-10 00:00:00,"Avenida 66 #32-21",3202136233,cliente941.424@yahoo.com,Cartagena,850
CC,761254940,Cliente942 Méndez,1992-01-19 00:00:00,"Calle 89 #67-11",3360106027,cliente942.144@outlook.com,Barranquilla,851
PAS,884483811,Cliente943 Ramírez,2002-07-05 00:00:00,"Diagonal 133 #24-7",3479693451,"",Cartagena,852
CE,118255262,Cliente944 Gómez,1994-10-25 00:00:00,"Avenida 91 #95-35",3503776896,cliente944.192@gmail.com,Cali,853
PAS,286803422,Cliente946 Méndez,1962-08-03 00:00:00,"Diagonal 16 #26-6",3398059677,"",Barranquilla,854
CE,875217835,Cliente947 Torres,1972-10-27 00:00:00,"Avenida 12 #21-3",3951973809,cliente947.970@yahoo.com,Bucaramanga,855
PAS,421629675,Cliente948 Ramírez,1998-09-02 00:00:00,"Carrera 6 #83-34",3414081830,cliente948.582@outlook.com,Medellín,856
TI,272315825,Cliente949 Torres,1973-02-07 00:00:00,"Carrera 74 #23-33",3368647682,cliente949.365@gmail.com,Barranquilla,857
TI,917499024,Cliente950 Pérez,1964-06-07 00:00:00,"Carrera 62 #48-16",3882269997,"",Cartagena,858
CE,196918617,Cliente951 Pérez,1999-04-20 00:00:00,"Calle 60 #13-41",3582728688,"",Cartagena,859
TI,137601229,Cliente952 Méndez,1991-04-17 00:00:00,"Diagonal 29 #25-17",3808543666,cliente952.949@outlook.com,Cartagena,860
CE,598361574,Cliente954 Méndez,1956-11-13 00:00:00,"Avenida 108 #64-47",3506988610,"",Barranquilla,861
TI,952655559,Cliente955 Pérez,1975-02-28 00:00:00,"Carrera 14 #8-46",3442106089,"",Cali,862
PAS,278129125,Cliente956 Ramírez,2003-05-19 00:00:00,"Calle 136 #77-37",3237025604,"",Bucaramanga,863
PAS,689456357,Cliente957 Torres,1969-09-09 00:00:00,"Diagonal 150 #56-23",3923293474,cliente957.289@gmail.com,Cali,864
PAS,329239097,Cliente958 Pérez,1977-10-20 00:00:00,"Calle 17 #87-36",3957254189,cliente958.932@yahoo.com,Barranquilla,865
CC,924020652,Cliente959 Ramírez,2001-12-22 00:00:00,"Calle 42 #4-47",3475555718,cliente959.228@yahoo.com,Bogotá,866
PAS,347579692,Cliente960 Méndez,2004-07-10 00:00:00,"Carrera 29 #38-26",3308222659,cliente960.146@gmail.com,Cali,867
CC,273174283,Cliente961 Ramírez,1976-10-16 00:00:00,"Carrera 72 #85-47",3567906707,"",Pereira,868
CE,159263347,Cliente962 Pérez,1959-10-04 00:00:00,"Carrera 64 #17-39",3130077094,cliente962.350@outlook.com,Cali,869
TI,786253071,Cliente963 Pérez,1999-05-01 00:00:00,"Avenida 20 #52-7",3936501823,"",Bucaramanga,870
TI,155369410,Cliente964 Ramírez,1966-06-18 00:00:00,"Carrera 113 #14-47",3658778029,"",Cali,871
TI,566335306,Cliente965 Ramírez,1982-01-11 00:00:00,"Calle 7 #29-13",3269293203,cliente965.842@outlook.com,Barranquilla,872
CC,155374815,Cliente966 Ramírez,1990-11-10 00:00:00,"Carrera 23 #76-4",3834134764,"",Barranquilla,873
PAS,693235346,Cliente967 Ramírez,1981-12-05 00:00:00,"Diagonal 33 #32-24",3164416326,"",Cali,874
CC,170617841,Cliente968 Gómez,1961-05-13 00:00:00,"Diagonal 125 #51-40",3155834421,"",Bucaramanga,875
PAS,303069508,Cliente970 Ramírez,1966-02-14 00:00:00,"Carrera 40 #32-30",3605129796,cliente970.284@mail.com,Cali,876
PAS,884386351,Cliente971 Ramírez,1950-03-08 00:00:00,"Diagonal 73 #11-14",3727463673,"",Pereira,877
CC,370482292,Cliente972 Gómez,1970-09-03 00:00:00,"Diagonal 3 #69-30",3975519982,cliente972.584@mail.com,Cali,878
TI,171698386,Cliente973 Gómez,1996-02-13 00:00:00,"Diagonal 61 #34-23",3797508876,cliente973.626@gmail.com,Pereira,879
TI,332840101,Cliente974 Pérez,1987-07-14 00:00:00,"Calle 42 #100-21",3691613142,"",Bucaramanga,880
CE,352448730,Cliente975 Ramírez,1980-11-18 00:00:00,"Diagonal 100 #13-2",3665270954,"",Medellín,881
CE,109425198,Cliente976 Torres,2005-09-28 00:00:00,"Carrera 47 #69-32",3805912539,"",Cartagena,882
TI,354928166,Cliente977 Ramírez,1996-11-14 00:00:00,"Diagonal 95 #11-30",3471131126,"",Pereira,883
PAS,788433739,Cliente978 Gómez,1999-02-25 00:00:00,"Avenida 53 #100-9",3532028676,cliente978.914@yahoo.com,Bucaramanga,884
PAS,799293483,Cliente979 Méndez,1992-06-16 00:00:00,"Carrera 128 #63-17",3225533743,cliente979.489@mail.com,Pereira,885
CE,482510569,Cliente980 Pérez,2002-10-13 00:00:00,"Avenida 87 #69-16",3117417427,"",Pereira,886
CE,161245861,Cliente981 Méndez,1981-03-18 00:00:00,"Diagonal 94 #10-40",3759216456,cliente981.634@mail.com,Cartagena,887
CE,326631095,Cliente982 Torres,1974-06-08 00:00:00,"Diagonal 1 #42-35",3502008990,"",Cali,888
PAS,729077102,Cliente983 Ramírez,1976-12-11 00:00:00,"Avenida 23 #33-38",3387178867,cliente983.90@yahoo.com,Bogotá,889
TI,824289060,Cliente984 Torres,2005-12-28 00:00:00,"Carrera 63 #53-5",3772699425,"",Bogotá,890
TI,757061142,Cliente985 Gómez,1963-03-08 00:00:00,"Avenida 146 #91-48",3837842909,cliente985.916@yahoo.com,Pereira,891
CE,968256051,Cliente986 Torres,1993-06-04 00:00:00,"Calle 101 #9-44",3167363536,"",Cali,892
TI,871052887,Cliente987 Gómez,1969-06-22 00:00:00,"Diagonal 125 #75-50",3234819268,"",Barranquilla,893
TI,590429806,Cliente988 Pérez,1963-03-22 00:00:00,"Calle 26 #87-35",3511557133,"",Cali,894
CE,417849939,Cliente990 Méndez,1950-02-06 00:00:00,"Avenida 54 #79-28",3185861679,cliente990.965@gmail.com,Cartagena,895
PAS,867567632,Cliente992 Gómez,1988-10-14 00:00:00,"Diagonal 69 #9-5",3968100755,cliente992.586@yahoo.com,Barranquilla,896
CC,133259191,Cliente993 Pérez,1960-12-08 00:00:00,"Avenida 26 #44-28",3851763747,cliente993.586@mail.com,Medellín,897
PAS,787594815,Cliente994 Ramírez,1964-11-28 00:00:00,"Carrera 74 #62-17",3260061728,cliente994.905@gmail.com,Bucaramanga,898
CC,587253495,Cliente995 Gómez,1994-08-11 00:00:00,"Diagonal 67 #2-1",3580536981,cliente995.17@mail.com,Cali,899
PAS,533920206,Cliente996 Pérez,1976-12-20 00:00:00,"Diagonal 29 #2-39",3385320284,cliente996.261@gmail.com,Medellín,900
PAS,807553955,Cliente997 Gómez,1987-11-13 00:00:00,"Carrera 78 #13-29",3799426246,"",Bucaramanga,901
